<?xml version="1.0" encoding="UTF-8"?>
<metadata>
	<idinfo>
		<citation>
			<citeinfo>
				<origin>USGS</origin>
				<pubdate>19990101</pubdate>
				<title>Mercalli Intensity Shapefile Polygons</title>
				<geoform>Vector Digital Data Set (Polygon)</geoform>
			</citeinfo>
		</citation>
		<descript>
			<abstract>Earthquake Mercalli Instensity Polygon Shapefiles</abstract>
			<purpose>Ground Motion Metric</purpose>
		</descript>
		<timeperd>
			<timeinfo>
				<rngdates>
					<begdate>19990101</begdate>
					<enddate>Present</enddate>
				</rngdates>
			</timeinfo>
			<current>ground condition</current>
		</timeperd>
		<status>
			<progress>In work</progress>
			<update>As needed</update>
		</status>
		<spdom>
			<bounding>
				<westbc>0</westbc>
				<eastbc>0</eastbc>
				<northbc>0</northbc>
				<southbc>0</southbc>
			</bounding>
		</spdom>
		<keywords>
			<theme>
				<themekt>None</themekt>
				<themekey>earthquake</themekey>
			</theme>
		</keywords>
		<accconst>None. Please see 'Distribution Info' for details.</accconst>
		<useconst>None. Users are advised to read the data set's metadata thoroughly to understand appropriate use and data limitations.</useconst>
		<ptcontac>
			<cntinfo>
				<cntorgp>
					<cntorg>U.S. Geological Survey, NORTHWEST REGION</cntorg>
					<cntper>Charles B Worden</cntper>
				</cntorgp>
				<cntaddr>
					<addrtype>mailing address</addrtype>
					<address>Mail Stop MS 966, 1711 Illinois St</address>
					<city>Golden</city>
					<state>CO</state>
					<postal>80401</postal>
				</cntaddr>
				<cntvoice></cntvoice>
				<cntemail>cbworden@usgs.gov</cntemail>
			</cntinfo>
		</ptcontac>
		<native>Environment as of Metadata Creation: Microsoft Windows 7 Version 6.1 (Build 7601) Service Pack 1; Esri ArcGIS 10.3.1 (Build 4959) Service Pack N/A (Build N/A)</native>
	</idinfo>
	<dataqual>
		<attracc>
			<attraccr>No formal attribute accuracy tests were conducted.</attraccr>
		</attracc>
		<logic>No formal logical accuracy tests were conducted.</logic>
		<complete>Data set is considered complete for the information presented, as described in the abstract. Users are advised to read the rest of the metadata record carefully for additional details.</complete>
		<posacc>
			<horizpa>
				<horizpar>A formal accuracy assessment of the horizontal positional information in the data set has not been conducted.</horizpar>
			</horizpa>
			<vertacc>
				<vertaccr>A formal accuracy assessment of the vertical positional information in the data set has either not been conducted, or is not applicable.</vertaccr>
			</vertacc>
		</posacc>
		<lineage>
			<procstep>
				<procdesc>Development of the data set by the agency / individuals identified in the 'Originator' element in the Identification Info section of the record.</procdesc>
				<procdate>19990101</procdate>
			</procstep>
		</lineage>
	</dataqual>
	<spdoinfo>
		<direct>Vector</direct>
		<ptvctinf><esriterm Name="RDPOCascadiaM9.3_Clark"><efeatyp Sync="TRUE">Simple</efeatyp><efeageom code="4" Sync="TRUE"></efeageom><esritopo Sync="TRUE">FALSE</esritopo><efeacnt Sync="TRUE">0</efeacnt><spindex Sync="TRUE">FALSE</spindex><linrefer Sync="TRUE">FALSE</linrefer></esriterm></ptvctinf></spdoinfo>
	<spref>
		<horizsys>
			<geograph>
				<latres>0</latres>
				<longres>0</longres>
				<geogunit>Decimal seconds</geogunit>
			</geograph>
			<geodetic>
				<horizdn>D_WGS_1984</horizdn>
				<ellips>WGS_1984</ellips>
				<semiaxis>6378137.0</semiaxis>
				<denflat>298.257223563</denflat>
			</geodetic>
		</horizsys>
	</spref>
	<eainfo>
		<detailed Name="RDPOCascadiaM9.3_Clark">
			<enttyp>
				<enttypl>Attribute Table</enttypl>
				<enttypd>Table containing attribute information associated with the data set.</enttypd>
				<enttypds>Producer defined</enttypds>
				<enttypt Sync="TRUE">Feature Class</enttypt><enttypc Sync="TRUE">0</enttypc></enttyp>
			<attr><attrlabl Sync="TRUE">FID</attrlabl><attalias Sync="TRUE">FID</attalias><attrtype Sync="TRUE">OID</attrtype><attwidth Sync="TRUE">4</attwidth><atprecis Sync="TRUE">0</atprecis><attscale Sync="TRUE">0</attscale><attrdef Sync="TRUE">Internal feature number.</attrdef><attrdefs Sync="TRUE">Esri</attrdefs><attrdomv><udom Sync="TRUE">Sequential unique whole numbers that are automatically generated.</udom></attrdomv></attr><attr><attrlabl Sync="TRUE">Shape</attrlabl><attalias Sync="TRUE">Shape</attalias><attrtype Sync="TRUE">Geometry</attrtype><attwidth Sync="TRUE">0</attwidth><atprecis Sync="TRUE">0</atprecis><attscale Sync="TRUE">0</attscale><attrdef Sync="TRUE">Feature geometry.</attrdef><attrdefs Sync="TRUE">Esri</attrdefs><attrdomv><udom Sync="TRUE">Coordinates defining the features.</udom></attrdomv></attr><attr>
				<attrlabl>GRID_CODE</attrlabl>
				<attrdef>Mercalli Intensity of Polygon (binned)</attrdef>
				<attrdefs>Producer defined</attrdefs>
				<attrdomv>
					<udom>Mercalli Intensity of Polygon (binned)</udom>
				</attrdomv>
				<attalias Sync="TRUE">GRID_CODE</attalias><attrtype Sync="TRUE">Double</attrtype><attwidth Sync="TRUE">19</attwidth><atprecis Sync="TRUE">0</atprecis><attscale Sync="TRUE">0</attscale></attr>
			<attr>
				<attrlabl>PARAMVALUE</attrlabl>
				<attrdef>Mercalli Intensity of Polygon</attrdef>
				<attrdefs>Producer defined</attrdefs>
				<attrdomv>
					<udom>Mercalli Intensity of Polygon</udom>
				</attrdomv>
				<attalias Sync="TRUE">PARAMVALUE</attalias><attrtype Sync="TRUE">Double</attrtype><attwidth Sync="TRUE">19</attwidth><atprecis Sync="TRUE">0</atprecis><attscale Sync="TRUE">0</attscale></attr>
			<attr><attrlabl Sync="TRUE">Lookup_val</attrlabl><attalias Sync="TRUE">Lookup_val</attalias><attrtype Sync="TRUE">Integer</attrtype><attwidth Sync="TRUE">10</attwidth><atprecis Sync="TRUE">10</atprecis><attscale Sync="TRUE">0</attscale></attr><attr><attrlabl Sync="TRUE">Descr</attrlabl><attalias Sync="TRUE">Descr</attalias><attrtype Sync="TRUE">String</attrtype><attwidth Sync="TRUE">50</attwidth><atprecis Sync="TRUE">0</atprecis><attscale Sync="TRUE">0</attscale></attr></detailed>
		<overview>
			<eaover>The entity and attribute information provided here describes the tabular data associated with the data set. Please review the detailed descriptions that are provided (the individual attribute descriptions) for information on the values that appear as fields/table entries of the data set.</eaover>
			<eadetcit>The entity and attribute information was generated by the individual and/or agency identified as the originator of the data set. Please review the rest of the metadata record for additional details and information.</eadetcit>
		</overview>
	</eainfo>
	<distinfo>
		<distrib>
			<cntinfo>
				<cntorgp>
					<cntorg>U.S. Geological Survey, NORTHWEST REGION</cntorg>
					<cntper>Charles B Worden</cntper>
				</cntorgp>
				<cntaddr>
					<addrtype>mailing address</addrtype>
					<address>Mail Stop MS 966, 1711 Illinois St</address>
					<city>Golden</city>
					<state>CO</state>
					<postal>80401</postal>
				</cntaddr>
				<cntvoice></cntvoice>
				<cntemail>cbworden@usgs.gov</cntemail>
			</cntinfo>
		</distrib>
		<distliab>Distributor assumes no liability for misuse of data.</distliab>
		<stdorder>
			<digform>
				<digtinfo>
					<formname>Vector Digital Data Set (Polygon)</formname>
				</digtinfo>
				<digtopt>
					<onlinopt>
						<computer>
							<networka>
								<networkr>http://earthquake.usgs.gov/data/shakemap/</networkr>
							</networka>
						</computer>
					</onlinopt>
				</digtopt>
			</digform>
			<fees>None. No fees are applicable for obtaining the data set.</fees>
		</stdorder>
	</distinfo>
	<metainfo>
		<metd>20160329</metd>
		<metc>
			<cntinfo>
				<cntperp>
					<cntper>Charles B Worden</cntper>
					<cntorg>U.S. Geological Survey, NORTHWEST REGION</cntorg>
				</cntperp>
				<cntaddr>
					<addrtype>mailing address</addrtype>
					<address>Mail Stop MS 966, 1711 Illinois St</address>
					<city>Golden</city>
					<state>CO</state>
					<postal>80401</postal>
				</cntaddr>
				<cntvoice></cntvoice>
				<cntemail>cbworden@usgs.gov</cntemail>
			</cntinfo>
		</metc>
		<metstdn>FGDC Content Standard for Digital Geospatial Metadata</metstdn>
		<metstdv>FGDC-STD-001-1998</metstdv>
	</metainfo>
	<dataIdInfo><envirDesc Sync="TRUE"> Version 6.2 (Build 9200) ; Esri ArcGIS 10.6.0.8321</envirDesc><dataLang><languageCode value="eng" Sync="TRUE"></languageCode><countryCode value="USA" Sync="TRUE"></countryCode></dataLang><idCitation><resTitle Sync="TRUE">RDPOCascadiaM9.3_Clark</resTitle><presForm><PresFormCd value="005" Sync="TRUE"></PresFormCd></presForm></idCitation><spatRpType><SpatRepTypCd value="001" Sync="TRUE"></SpatRepTypCd></spatRpType></dataIdInfo><mdLang><languageCode value="eng" Sync="TRUE"></languageCode><countryCode value="USA" Sync="TRUE"></countryCode></mdLang><mdChar><CharSetCd value="004" Sync="TRUE"></CharSetCd></mdChar><Esri><DataProperties><itemProps><itemName Sync="TRUE">RDPOCascadiaM9.3_Clark</itemName><imsContentType Sync="TRUE">002</imsContentType><itemSize Sync="TRUE">0.000</itemSize><itemLocation><linkage Sync="TRUE">file://\\geofiles1\vol1\home\CarsonMacpherson\PortlandReady\RDPO shapefiles\RDPOCascadiaM9.shp</linkage><protocol Sync="TRUE">Local Area Network</protocol></itemLocation></itemProps><coordRef><type Sync="TRUE">Geographic</type><geogcsn Sync="TRUE">GCS_WGS_1984</geogcsn><csUnits Sync="TRUE">Angular Unit: Degree (0.017453)</csUnits><peXml Sync="TRUE">&lt;GeographicCoordinateSystem xsi:type='typens:GeographicCoordinateSystem' xmlns:xsi='http://www.w3.org/2001/XMLSchema-instance' xmlns:xs='http://www.w3.org/2001/XMLSchema' xmlns:typens='http://www.esri.com/schemas/ArcGIS/10.6'&gt;&lt;WKT&gt;GEOGCS[&amp;quot;GCS_WGS_1984&amp;quot;,DATUM[&amp;quot;D_WGS_1984&amp;quot;,SPHEROID[&amp;quot;WGS_1984&amp;quot;,6378137.0,298.257223563]],PRIMEM[&amp;quot;Greenwich&amp;quot;,0.0],UNIT[&amp;quot;Degree&amp;quot;,0.0174532925199433],AUTHORITY[&amp;quot;EPSG&amp;quot;,4326]]&lt;/WKT&gt;&lt;XOrigin&gt;-400&lt;/XOrigin&gt;&lt;YOrigin&gt;-400&lt;/YOrigin&gt;&lt;XYScale&gt;11258999068426.238&lt;/XYScale&gt;&lt;ZOrigin&gt;-100000&lt;/ZOrigin&gt;&lt;ZScale&gt;10000&lt;/ZScale&gt;&lt;MOrigin&gt;-100000&lt;/MOrigin&gt;&lt;MScale&gt;10000&lt;/MScale&gt;&lt;XYTolerance&gt;8.983152841195215e-09&lt;/XYTolerance&gt;&lt;ZTolerance&gt;0.001&lt;/ZTolerance&gt;&lt;MTolerance&gt;0.001&lt;/MTolerance&gt;&lt;HighPrecision&gt;true&lt;/HighPrecision&gt;&lt;LeftLongitude&gt;-180&lt;/LeftLongitude&gt;&lt;WKID&gt;4326&lt;/WKID&gt;&lt;LatestWKID&gt;4326&lt;/LatestWKID&gt;&lt;/GeographicCoordinateSystem&gt;</peXml></coordRef><lineage><Process ToolSource="c:\program files (x86)\arcgis\desktop10.6\ArcToolbox\Toolboxes\Analysis Tools.tbx\Clip" Date="20181115" Time="145452">Clip mi RDPO_counties "H:\PortlandReady\Processed Data\M9.shp" #</Process><Process ToolSource="c:\program files (x86)\arcgis\desktop10.6\ArcToolbox\Toolboxes\Data Management Tools.tbx\CalculateField" Date="20181115" Time="145844">CalculateField M9 Lookup_val 3 VB #</Process><Process ToolSource="c:\program files (x86)\arcgis\desktop10.6\ArcToolbox\Toolboxes\Data Management Tools.tbx\CalculateField" Date="20181115" Time="145900">CalculateField M9 Lookup_val 4 VB #</Process><Process ToolSource="c:\program files (x86)\arcgis\desktop10.6\ArcToolbox\Toolboxes\Data Management Tools.tbx\CalculateField" Date="20181115" Time="150000">CalculateField M9 Descr "Very Strong Shaking" VB #</Process><Process ToolSource="c:\program files (x86)\arcgis\desktop10.6\ArcToolbox\Toolboxes\Data Management Tools.tbx\CalculateField" Date="20181115" Time="150014">CalculateField M9 Descr "Strong Shaking" VB #</Process></lineage></DataProperties><SyncDate>20181221</SyncDate><SyncTime>12185500</SyncTime><ModDate>20181221</ModDate><ModTime>12185500</ModTime><CreaDate>20181115</CreaDate><CreaTime>15051700</CreaTime><ArcGISFormat>1.0</ArcGISFormat><SyncOnce>FALSE</SyncOnce></Esri><distInfo><distFormat><formatName Sync="TRUE">Shapefile</formatName></distFormat><distTranOps><transSize Sync="TRUE">0.000</transSize></distTranOps></distInfo><mdHrLv><ScopeCd value="005" Sync="TRUE"></ScopeCd></mdHrLv><mdHrLvName Sync="TRUE">dataset</mdHrLvName><refSysInfo><RefSystem><refSysID><identCode code="4326" Sync="TRUE"></identCode><idCodeSpace Sync="TRUE">EPSG</idCodeSpace><idVersion Sync="TRUE">6.14(3.0.1)</idVersion></refSysID></RefSystem></refSysInfo><spatRepInfo><VectSpatRep><geometObjs Name="RDPOCascadiaM9.3_Clark"><geoObjTyp><GeoObjTypCd value="002" Sync="TRUE"></GeoObjTypCd></geoObjTyp><geoObjCnt Sync="TRUE">0</geoObjCnt></geometObjs><topLvl><TopoLevCd value="001" Sync="TRUE"></TopoLevCd></topLvl></VectSpatRep></spatRepInfo><mdDateSt Sync="TRUE">20181221</mdDateSt></metadata>
