<?xml version="1.0" encoding="UTF-8"?>
<metadata xml:lang="en"><Esri><CreaDate>20181115</CreaDate><CreaTime>15214500</CreaTime><ArcGISFormat>1.0</ArcGISFormat><SyncOnce>FALSE</SyncOnce><DataProperties><lineage><Process ToolSource="c:\program files (x86)\arcgis\desktop10.5\ArcToolbox\Toolboxes\Conversion Tools.tbx\FeatureClassToFeatureClass" Date="20181001" Time="185740">FeatureClassToFeatureClass Liquefaction_domains c:\usr_proj\xxDW6.gdb Liquefaction_dom # "HazardClass "HazardClass" true true false 2 Short 0 0 ,First,#,c:\usr_proj\xxDW6.gdb\Liquefaction_rename,Liquefaction_rename.HazardClass,-1,-1;DataSource "DataSource" true true false 255 Text 0 0 ,First,#,c:\usr_proj\xxDW6.gdb\Liquefaction_rename,Liquefaction_rename.DataSource,-1,-1;Shape_Length "Shape_Length" false true true 8 Double 0 0 ,First,#,c:\usr_proj\xxDW6.gdb\Liquefaction_rename,Liquefaction_rename.Shape_Length,-1,-1;Shape_Area "Shape_Area" false true true 8 Double 0 0 ,First,#,c:\usr_proj\xxDW6.gdb\Liquefaction_rename,Liquefaction_rename.Shape_Area,-1,-1;Liquefaction_HazardClass_OID "Liquefaction_HazardClass_OID" false true false 4 Long 0 9 ,First,#,c:\usr_proj\xxDW6.gdb\Liquefaction_rename,Liquefaction_HazardClass.OID,-1,-1;Liquefaction_HazardClass_code "Liquefaction_HazardClass_code" true true false 2 Short 0 0 ,First,#,c:\usr_proj\xxDW6.gdb\Liquefaction_rename,Liquefaction_HazardClass.code,-1,-1;Hazard "Hazard" true true false 255 Text 0 0 ,First,#,c:\usr_proj\xxDW6.gdb\Liquefaction_rename,Liquefaction_HazardClass.description,-1,-1" #</Process><Process ToolSource="c:\program files (x86)\arcgis\desktop10.5\ArcToolbox\Toolboxes\Data Management Tools.tbx\DeleteField" Date="20181001" Time="185741">DeleteField Liquefaction_domlayer liquefaction_hazardclass_oid</Process><Process ToolSource="c:\program files (x86)\arcgis\desktop10.5\ArcToolbox\Toolboxes\Data Management Tools.tbx\DeleteField" Date="20181001" Time="185741">DeleteField Liquefaction_domlayer liquefaction_hazardclass_code</Process><Process ToolSource="c:\program files (x86)\arcgis\desktop10.5\ArcToolbox\Toolboxes\Conversion Tools.tbx\FeatureClassToFeatureClass" Date="20181001" Time="185744">FeatureClassToFeatureClass Liquefaction_domlayer \\olympus\clarkgis\ClarkGIS\avdata\shapes\resource Liquefaction.shp # "HazardClas "HazardClass" true true false 2 Short 0 0 ,First,#,Liquefaction_domlayer,HazardClass,-1,-1;DataSource "DataSource" true true false 255 Text 0 0 ,First,#,Liquefaction_domlayer,DataSource,-1,-1;Hazard "Hazard" true true false 255 Text 0 0 ,First,#,Liquefaction_domlayer,Hazard,-1,-1;Shape_Leng "Shape_Leng" false true true 8 Double 0 0 ,First,#,Liquefaction_domlayer,Shape_Length,-1,-1;Shape_Area "Shape_Area" false true true 8 Double 0 0 ,First,#,Liquefaction_domlayer,Shape_Area,-1,-1" #</Process><Process ToolSource="c:\program files (x86)\arcgis\desktop10.5\ArcToolbox\Toolboxes\Data Management Tools.tbx\AddSpatialIndex" Date="20181001" Time="185751">AddSpatialIndex \\olympus\clarkgis\ClarkGIS\avdata\shapes\resource\Liquefaction.shp 0 0 0</Process><Process ToolSource="c:\program files (x86)\arcgis\desktop10.6\ArcToolbox\Toolboxes\Data Management Tools.tbx\CalculateField" Date="20181115" Time="151440">CalculateField Liquefaction Lookup_val "High" VB #</Process><Process ToolSource="c:\program files (x86)\arcgis\desktop10.6\ArcToolbox\Toolboxes\Data Management Tools.tbx\CalculateField" Date="20181115" Time="151523">CalculateField Liquefaction Lookup_val "Mod" VB #</Process><Process ToolSource="c:\program files (x86)\arcgis\desktop10.6\ArcToolbox\Toolboxes\Data Management Tools.tbx\CalculateField" Date="20181115" Time="151620">CalculateField Liquefaction Lookup_val "Low" VB #</Process><Process ToolSource="c:\program files (x86)\arcgis\desktop10.6\ArcToolbox\Toolboxes\Data Management Tools.tbx\CalculateField" Date="20181115" Time="151746">CalculateField Liquefaction Lookup_val "none" VB #</Process><Process ToolSource="c:\program files (x86)\arcgis\desktop10.6\ArcToolbox\Toolboxes\Data Management Tools.tbx\CalculateField" Date="20181115" Time="151917">CalculateField Liquefaction Desc_ [Lookup_val] VB #</Process><Process ToolSource="c:\program files (x86)\arcgis\desktop10.6\ArcToolbox\Toolboxes\Data Management Tools.tbx\CalculateField" Date="20181115" Time="151942">CalculateField Liquefaction Lookup_val 1 VB #</Process><Process ToolSource="c:\program files (x86)\arcgis\desktop10.6\ArcToolbox\Toolboxes\Data Management Tools.tbx\CalculateField" Date="20181115" Time="151955">CalculateField Liquefaction Lookup_val 2 VB #</Process><Process ToolSource="c:\program files (x86)\arcgis\desktop10.6\ArcToolbox\Toolboxes\Data Management Tools.tbx\CalculateField" Date="20181115" Time="152009">CalculateField Liquefaction Lookup_val 3 VB #</Process><Process ToolSource="c:\program files (x86)\arcgis\desktop10.6\ArcToolbox\Toolboxes\Data Management Tools.tbx\CalculateField" Date="20181115" Time="152023">CalculateField Liquefaction Lookup_val 0 VB #</Process><Process ToolSource="c:\program files (x86)\arcgis\desktop10.6\ArcToolbox\Toolboxes\Data Management Tools.tbx\CalculateField" Date="20181115" Time="152456">CalculateField EQ_Liquefaction_Clark Desc_ "water" VB #</Process><Process ToolSource="c:\program files (x86)\arcgis\desktop10.6\ArcToolbox\Toolboxes\Data Management Tools.tbx\CalculateField" Date="20181115" Time="152512">CalculateField EQ_Liquefaction_Clark Lookup_val "4" VB #</Process><Process Name="Clip (7)" ToolSource="c:\program files (x86)\arcgis\desktop10.6\ArcToolbox\Toolboxes\Analysis Tools.tbx\Clip" Date="20181221" Time="121910">Clip "Earthquake tab\EQ_Liquefaction_Clark" RDPO_counties "H:\PortlandReady\RDPO shapefiles\RDPOLiquefact_Clark.shp" #</Process></lineage><itemProps><itemName Sync="TRUE">RDPOLiquefact_Clark</itemName><itemSize Sync="TRUE">0.000</itemSize><itemLocation><linkage Sync="TRUE">file://\\geofiles1\vol1\home\CarsonMacpherson\PortlandReady\RDPO shapefiles\RDPOLiquefact_Clark.shp</linkage><protocol Sync="TRUE">Local Area Network</protocol></itemLocation><nativeExtBox><westBL Sync="TRUE">1055077.000055</westBL><eastBL Sync="TRUE">1197175.874978</eastBL><southBL Sync="TRUE">81877.320289</southBL><northBL Sync="TRUE">269884.281217</northBL><exTypeCode Sync="TRUE">1</exTypeCode></nativeExtBox><imsContentType Sync="TRUE">002</imsContentType></itemProps><coordRef><type Sync="TRUE">Projected</type><geogcsn Sync="TRUE">GCS_North_American_1983</geogcsn><csUnits Sync="TRUE">Linear Unit: Foot_US (0.304801)</csUnits><projcsn Sync="TRUE">NAD_1983_StatePlane_Washington_South_FIPS_4602_Feet</projcsn><peXml Sync="TRUE">&lt;ProjectedCoordinateSystem xsi:type='typens:ProjectedCoordinateSystem' xmlns:xsi='http://www.w3.org/2001/XMLSchema-instance' xmlns:xs='http://www.w3.org/2001/XMLSchema' xmlns:typens='http://www.esri.com/schemas/ArcGIS/10.6'&gt;&lt;WKT&gt;PROJCS[&amp;quot;NAD_1983_StatePlane_Washington_South_FIPS_4602_Feet&amp;quot;,GEOGCS[&amp;quot;GCS_North_American_1983&amp;quot;,DATUM[&amp;quot;D_North_American_1983&amp;quot;,SPHEROID[&amp;quot;GRS_1980&amp;quot;,6378137.0,298.257222101]],PRIMEM[&amp;quot;Greenwich&amp;quot;,0.0],UNIT[&amp;quot;Degree&amp;quot;,0.0174532925199433]],PROJECTION[&amp;quot;Lambert_Conformal_Conic&amp;quot;],PARAMETER[&amp;quot;False_Easting&amp;quot;,1640416.666666667],PARAMETER[&amp;quot;False_Northing&amp;quot;,0.0],PARAMETER[&amp;quot;Central_Meridian&amp;quot;,-120.5],PARAMETER[&amp;quot;Standard_Parallel_1&amp;quot;,45.83333333333334],PARAMETER[&amp;quot;Standard_Parallel_2&amp;quot;,47.33333333333334],PARAMETER[&amp;quot;Latitude_Of_Origin&amp;quot;,45.33333333333334],UNIT[&amp;quot;Foot_US&amp;quot;,0.3048006096012192],AUTHORITY[&amp;quot;EPSG&amp;quot;,2286]]&lt;/WKT&gt;&lt;XOrigin&gt;-117498300&lt;/XOrigin&gt;&lt;YOrigin&gt;-98850300&lt;/YOrigin&gt;&lt;XYScale&gt;37801315.839189909&lt;/XYScale&gt;&lt;ZOrigin&gt;-100000&lt;/ZOrigin&gt;&lt;ZScale&gt;10000&lt;/ZScale&gt;&lt;MOrigin&gt;-100000&lt;/MOrigin&gt;&lt;MScale&gt;10000&lt;/MScale&gt;&lt;XYTolerance&gt;0.0032808333333333331&lt;/XYTolerance&gt;&lt;ZTolerance&gt;0.001&lt;/ZTolerance&gt;&lt;MTolerance&gt;0.001&lt;/MTolerance&gt;&lt;HighPrecision&gt;true&lt;/HighPrecision&gt;&lt;WKID&gt;102749&lt;/WKID&gt;&lt;LatestWKID&gt;2286&lt;/LatestWKID&gt;&lt;/ProjectedCoordinateSystem&gt;</peXml></coordRef></DataProperties><SyncDate>20181221</SyncDate><SyncTime>12190900</SyncTime><ModDate>20181221</ModDate><ModTime>12190900</ModTime></Esri><mdLang><languageCode value="eng"/><countryCode value="USA" Sync="TRUE"></countryCode></mdLang><mdChar><CharSetCd value="004"/></mdChar><mdHrLv><ScopeCd value="005"/></mdHrLv><mdDateSt Sync="TRUE">20181221</mdDateSt><mdStanName>ArcGIS Metadata</mdStanName><mdStanVer>1.0</mdStanVer><dataIdInfo><idCitation><resTitle Sync="TRUE">RDPOLiquefact_Clark</resTitle><presForm><PresFormCd value="005"/></presForm><presForm><fgdcGeoform>vector digital data</fgdcGeoform></presForm></idCitation><idAbs>For complete metadata details see: http://gis.clark.wa.gov/gishome/Metadata/?pid=metadata.layer&amp;dbsID=1339</idAbs><idPurp>Earthquake Hazard: Liquefaction - Geologic Hazard Ordinance: Earthquake Hazard Component - Liquefaction Susceptibility. Liquefaction is a natural phenomenon in which saturated, sandy soils lose their strength and behave as liquid. Liquefaction is a caused by severe ground shaking during earthquake events. Areas are classified as having 'very low' to 'high' relative liquefaction susceptibility. Areas underlain by bedrock or peat are mapped separately as these earth materials are not liquefiable, although peat deposits may be subject to permanent ground deformation caused by earthquake shaking and require site-specific analysis under the International Building Code. Water and ice are also separately designated. Refer to Clark County Geologic Hazard Ordinance for more details (Clark County Code Section 40.430).</idPurp><idCredit>Washington DNR</idCredit><themeKeys><keyword>liquefaction geohaz hazard earthquake geologic liquefact</keyword></themeKeys><searchKeys><keyword>liquefaction geohaz hazard earthquake geologic liquefact</keyword></searchKeys><spatRpType><SpatRepTypCd value="001"/></spatRpType><dataLang><languageCode value="eng"/><countryCode value="USA" Sync="TRUE"></countryCode></dataLang><envirDesc Sync="TRUE"> Version 6.2 (Build 9200) ; Esri ArcGIS 10.6.0.8321</envirDesc><dataExt><geoEle><GeoBndBox><westBL>-122.805681</westBL><eastBL>-122.229917</eastBL><southBL>45.534612</southBL><northBL>46.059969</northBL></GeoBndBox></geoEle></dataExt><dataExt><geoEle><GeoBndBox esriExtentType="search"><exTypeCode Sync="TRUE">1</exTypeCode><westBL Sync="TRUE">-122.805681</westBL><eastBL Sync="TRUE">-122.229917</eastBL><northBL Sync="TRUE">46.059969</northBL><southBL Sync="TRUE">45.534612</southBL></GeoBndBox></geoEle></dataExt></dataIdInfo><spatRepInfo><VectSpatRep><geometObjs Name="RDPOLiquefact_Clark"><geoObjTyp><GeoObjTypCd value="002" Sync="TRUE"></GeoObjTypCd></geoObjTyp><geoObjCnt Sync="TRUE">0</geoObjCnt></geometObjs><topLvl><TopoLevCd value="001" Sync="TRUE"></TopoLevCd></topLvl></VectSpatRep></spatRepInfo><eainfo><detailed Name="RDPOLiquefact_Clark"><enttyp><enttypl Sync="TRUE">RDPOLiquefact_Clark</enttypl><enttypt Sync="TRUE">Feature Class</enttypt><enttypc Sync="TRUE">0</enttypc></enttyp><attr><attrlabl>Hazard</attrlabl><attrdef>[Liquefaction susceptibility class description]</attrdef><attalias Sync="TRUE">Hazard</attalias><attrtype Sync="TRUE">String</attrtype><attwidth Sync="TRUE">254</attwidth><atprecis Sync="TRUE">0</atprecis><attscale Sync="TRUE">0</attscale></attr><attr><attrlabl>Shape_Leng</attrlabl><attalias Sync="TRUE">Shape_Leng</attalias><attrtype Sync="TRUE">Double</attrtype><attwidth Sync="TRUE">19</attwidth><atprecis Sync="TRUE">0</atprecis><attscale Sync="TRUE">0</attscale></attr><attr><attrlabl>DataSource</attrlabl><attrdef>[Data Source]</attrdef><attalias Sync="TRUE">DataSource</attalias><attrtype Sync="TRUE">String</attrtype><attwidth Sync="TRUE">254</attwidth><atprecis Sync="TRUE">0</atprecis><attscale Sync="TRUE">0</attscale></attr><attr><attrlabl>Shape_Area</attrlabl><attrdef>Area of feature in internal units squared.</attrdef><attrdefs>Esri</attrdefs><attrdomv><udom>Positive real numbers that are automatically generated.</udom></attrdomv><attalias Sync="TRUE">Shape_Area</attalias><attrtype Sync="TRUE">Double</attrtype><attwidth Sync="TRUE">19</attwidth><atprecis Sync="TRUE">0</atprecis><attscale Sync="TRUE">0</attscale></attr><attr><attrlabl>HazardClas</attrlabl><attalias Sync="TRUE">HazardClas</attalias><attrtype Sync="TRUE">Integer</attrtype><attwidth Sync="TRUE">10</attwidth><atprecis Sync="TRUE">10</atprecis><attscale Sync="TRUE">0</attscale></attr><attr><attrlabl>FID</attrlabl><attrdef>Internal feature number.</attrdef><attrdefs>Esri</attrdefs><attrdomv><udom>Sequential unique whole numbers that are automatically generated.</udom></attrdomv><attalias Sync="TRUE">FID</attalias><attrtype Sync="TRUE">OID</attrtype><attwidth Sync="TRUE">4</attwidth><atprecis Sync="TRUE">0</atprecis><attscale Sync="TRUE">0</attscale></attr><attr><attrlabl>Shape</attrlabl><attrdef>Feature geometry.</attrdef><attrdefs>Esri</attrdefs><attrdomv><udom>Coordinates defining the features.</udom></attrdomv><attalias Sync="TRUE">Shape</attalias><attrtype Sync="TRUE">Geometry</attrtype><attwidth Sync="TRUE">0</attwidth><atprecis Sync="TRUE">0</atprecis><attscale Sync="TRUE">0</attscale></attr><attr><attrlabl Sync="TRUE">Lookup_val</attrlabl><attalias Sync="TRUE">Lookup_val</attalias><attrtype Sync="TRUE">String</attrtype><attwidth Sync="TRUE">10</attwidth><atprecis Sync="TRUE">0</atprecis><attscale Sync="TRUE">0</attscale></attr><attr><attrlabl Sync="TRUE">Desc_</attrlabl><attalias Sync="TRUE">Desc_</attalias><attrtype Sync="TRUE">String</attrtype><attwidth Sync="TRUE">10</attwidth><atprecis Sync="TRUE">0</atprecis><attscale Sync="TRUE">0</attscale></attr></detailed></eainfo><distInfo><distFormat><formatName Sync="TRUE">Shapefile</formatName></distFormat><distTranOps><transSize Sync="TRUE">0.000</transSize></distTranOps></distInfo><mdHrLvName Sync="TRUE">dataset</mdHrLvName><refSysInfo><RefSystem><refSysID><identCode code="2286" Sync="TRUE"></identCode><idCodeSpace Sync="TRUE">EPSG</idCodeSpace><idVersion Sync="TRUE">5.3(9.0.0)</idVersion></refSysID></RefSystem></refSysInfo><spdoinfo><ptvctinf><esriterm Name="RDPOLiquefact_Clark"><efeatyp Sync="TRUE">Simple</efeatyp><efeageom code="4" Sync="TRUE"></efeageom><esritopo Sync="TRUE">FALSE</esritopo><efeacnt Sync="TRUE">0</efeacnt><spindex Sync="TRUE">FALSE</spindex><linrefer Sync="TRUE">FALSE</linrefer></esriterm></ptvctinf></spdoinfo></metadata>
