<?xml version="1.0" encoding="UTF-8"?>
<metadata xml:lang="en"><Esri><CreaDate>20160116</CreaDate><CreaTime>12152000</CreaTime><ArcGISFormat>1.0</ArcGISFormat><SyncOnce>FALSE</SyncOnce><DataProperties><lineage><Process ToolSource="c:\program files (x86)\arcgis\desktop10.1\ArcToolbox\Toolboxes\Data Management Tools.tbx\CalculateField" Date="20130821" Time="135956">CalculateField sectionsfin cooperator [name_1] VB #</Process><Process ToolSource="c:\program files (x86)\arcgis\desktop10.1\ArcToolbox\Toolboxes\Data Management Tools.tbx\CalculateField" Date="20130821" Time="140156">CalculateField sectionsfin length [st_length_] VB #</Process><Process ToolSource="c:\program files (x86)\arcgis\desktop10.1\ArcToolbox\Toolboxes\Data Management Tools.tbx\Merge" Date="20130822" Time="082004">Merge sectionsfin;qfaultsalaska C:\Users\gsmoczyk\Desktop\sectionsfin_wAK.shp "objectid "objectid" true true false 10 Double 0 10 ,First,#,sectionsfin,objectid,-1,-1;name "name" true true false 80 Text 0 0 ,First,#,sectionsfin,name,-1,-1,qfaultsalaska,NAME,-1,-1;code "code" true true false 10 Double 0 10 ,First,#,sectionsfin,code,-1,-1,qfaultsalaska,CODE,-1,-1;num "num" true true false 6 Text 0 0 ,First,#,sectionsfin,num,-1,-1,qfaultsalaska,NUM,-1,-1;age "age" true true false 12 Text 0 0 ,First,#,sectionsfin,age,-1,-1,qfaultsalaska,AGE,-1,-1;acode "acode" true true false 10 Double 0 10 ,First,#,sectionsfin,acode,-1,-1,qfaultsalaska,ACODE,-1,-1;sliprate "sliprate" true true false 7 Text 0 0 ,First,#,sectionsfin,sliprate,-1,-1,qfaultsalaska,SLIPRATE,-1,-1;slipcode "slipcode" true true false 10 Double 0 10 ,First,#,sectionsfin,slipcode,-1,-1,qfaultsalaska,SLIPCODE,-1,-1;slipsense "slipsense" true true false 5 Text 0 0 ,First,#,sectionsfin,slipsense,-1,-1,qfaultsalaska,SLIPSENSE,-1,-1;dipdirecti "dipdirecti" true true false 15 Text 0 0 ,First,#,sectionsfin,dipdirecti,-1,-1,qfaultsalaska,DIPDIRECTI,-1,-1;slipdirect "slipdirect" true true false 5 Text 0 0 ,First,#,sectionsfin,slipdirect,-1,-1;fcode "fcode" true true false 10 Double 0 10 ,First,#,sectionsfin,fcode,-1,-1,qfaultsalaska,FCODE,-1,-1;ftype "ftype" true true false 25 Text 0 0 ,First,#,sectionsfin,ftype,-1,-1,qfaultsalaska,FTYPE,-1,-1;mappedscal "mappedscal" true true false 8 Text 0 0 ,First,#,sectionsfin,mappedscal,-1,-1,qfaultsalaska,MAPPEDSCAL,-1,-1;secondarys "secondarys" true true false 5 Text 0 0 ,First,#,sectionsfin,secondarys,-1,-1,qfaultsalaska,SecondaryS,-1,-1;slipsense_ "slipsense_" true true false 10 Double 0 10 ,First,#,sectionsfin,slipsense_,-1,-1;fault_id "fault_id" true true false 10 Text 0 0 ,First,#,sectionsfin,fault_id,-1,-1;section_id "section_id" true true false 10 Text 0 0 ,First,#,sectionsfin,section_id,-1,-1;azimuth "azimuth" true true false 5 Long 0 5 ,First,#,sectionsfin,azimuth,-1,-1;cooperator "cooperator" true true false 200 Text 0 0 ,First,#,sectionsfin,cooperator,-1,-1;length "length" true true false 19 Double 0 0 ,First,#,sectionsfin,length,-1,-1;CFM_URL "CFM_URL" true true false 100 Text 0 0 ,First,#,qfaultsalaska,CFM_URL,-1,-1"</Process><Process ToolSource="c:\program files (x86)\arcgis\desktop10.1\ArcToolbox\Toolboxes\Data Management Tools.tbx\CalculateField" Date="20130822" Time="082218">CalculateField sectionsfin_wAK cooperator "Alaska Geological Survey" VB #</Process><Process ToolSource="c:\program files (x86)\arcgis\desktop10.1\ArcToolbox\Toolboxes\Data Management Tools.tbx\CalculateField" Date="20130822" Time="090221">CalculateField sectionsfin_wAK CFM_URL [CFM_URL1] VB #</Process><Process ToolSource="c:\program files (x86)\arcgis\desktop10.1\ArcToolbox\Toolboxes\Data Management Tools.tbx\CalculateField" Date="20130822" Time="091857">CalculateField sectionsfin_wAK NEW [FID] VB #</Process><Process ToolSource="c:\program files (x86)\arcgis\desktop10.1\ArcToolbox\Toolboxes\Data Management Tools.tbx\CalculateField" Date="20130822" Time="092635">CalculateField sectionsfin_wAK NEW [FID] VB #</Process><Process ToolSource="C:\ArcGIS\Desktop10.0\ArcToolbox\Toolboxes\Data Management Tools.tbx\CalculateField" Date="20130822" Time="084341">CalculateField sectionsALL FACODE "[fcode]&amp; [acode]" VB #</Process><Process ToolSource="C:\ArcGIS\Desktop10.0\ArcToolbox\Toolboxes\Data Management Tools.tbx\CalculateField" Date="20130822" Time="084348">CalculateField sectionsALL FACODE "[fcode]&amp; [acode]" VB #</Process><Process ToolSource="c:\program files (x86)\arcgis\desktop10.1\ArcToolbox\Toolboxes\Data Management Tools.tbx\CalculateField" Date="20141002" Time="132444">CalculateField sectionsALL URL_WKG [CFM_URL] VB #</Process><Process ToolSource="c:\program files (x86)\arcgis\desktop10.1\ArcToolbox\Toolboxes\Data Management Tools.tbx\CalculateField" Date="20141002" Time="132600">CalculateField sectionsALL URL_WKG Right( [URL_WKG], 7 ) VB #</Process><Process ToolSource="c:\program files (x86)\arcgis\desktop10.1\ArcToolbox\Toolboxes\Data Management Tools.tbx\CalculateField" Date="20141002" Time="132828">CalculateField sectionsALL URL_OLD [CFM_URL] VB #</Process><Process ToolSource="c:\program files (x86)\arcgis\desktop10.1\ArcToolbox\Toolboxes\Data Management Tools.tbx\CalculateField" Date="20141002" Time="133321">CalculateField sectionsALL CFM_URL ""http://geohazards.usgs.gov/cfusion/qfault/show_report_AB.cfm?fault_id=" &amp; [fault_id] &amp; "&amp;section_id=" &amp;  [section_id]" VB #</Process><Process Name="Buffer" ToolSource="c:\program files (x86)\arcgis\desktop10.3\ArcToolbox\Toolboxes\Analysis Tools.tbx\Buffer" Date="20160108" Time="131518">Buffer MissoulaRelevant_Faults C:\Users\Carson\Desktop\MissoulaReady\Geodatabases\Earthquake.gdb\Fault_Buff1 "1 Miles" FULL ROUND NONE # PLANAR</Process><Process ToolSource="c:\program files (x86)\arcgis\desktop10.3\ArcToolbox\Toolboxes\Data Management Tools.tbx\CalculateField" Date="20160108" Time="132447">CalculateField Fault_Buff1 BUFF_DIST 1 VB #</Process><Process ToolSource="c:\program files (x86)\arcgis\desktop10.3\ArcToolbox\Toolboxes\Analysis Tools.tbx\Union" Date="20160108" Time="142935">Union "Fault_Buff1 #;Fault_Buff2_diff #;Fault_Buff3_diff #;Fault_Buff4_diff #;Fault_Buff5_diff #;Fault_Buff_far #" C:\Users\Carson\Desktop\MissoulaReady\Geodatabases\Earthquake.gdb\Fault_Buffer_all ALL # GAPS</Process><Process ToolSource="c:\program files (x86)\arcgis\desktop10.3\ArcToolbox\Toolboxes\Data Management Tools.tbx\CalculateField" Date="20160108" Time="143248">CalculateField Fault_Buffer_all BUFF_DIST_12_13_14 2 VB #</Process><Process ToolSource="c:\program files (x86)\arcgis\desktop10.3\ArcToolbox\Toolboxes\Data Management Tools.tbx\CalculateField" Date="20160108" Time="143549">CalculateField Fault_Buffer_all BUFF_DIST_12_13_14_15 3 VB #</Process><Process ToolSource="c:\program files (x86)\arcgis\desktop10.3\ArcToolbox\Toolboxes\Data Management Tools.tbx\CalculateField" Date="20160108" Time="143638">CalculateField Fault_Buffer_all BUFF_DIST_12_13_14_15 1 VB #</Process><Process ToolSource="c:\program files (x86)\arcgis\desktop10.3\ArcToolbox\Toolboxes\Data Management Tools.tbx\CalculateField" Date="20160108" Time="143742">CalculateField Fault_Buffer_all BUFF_DIST_12_13_14 4 VB #</Process><Process ToolSource="c:\program files (x86)\arcgis\desktop10.3\ArcToolbox\Toolboxes\Data Management Tools.tbx\CalculateField" Date="20160108" Time="143816">CalculateField Fault_Buffer_all BUFF_DIST_12_13_14_15 4 VB #</Process><Process ToolSource="c:\program files (x86)\arcgis\desktop10.3\ArcToolbox\Toolboxes\Data Management Tools.tbx\CalculateField" Date="20160108" Time="143907">CalculateField Fault_Buffer_all BUFF_DIST_12_13_14_15 5 VB #</Process><Process ToolSource="c:\program files (x86)\arcgis\desktop10.3\ArcToolbox\Toolboxes\Data Management Tools.tbx\CalculateField" Date="20160108" Time="143943">CalculateField Fault_Buffer_all BUFF_DIST_12_13_14_15 5 VB #</Process><Process ToolSource="c:\program files (x86)\arcgis\desktop10.3\ArcToolbox\Toolboxes\Data Management Tools.tbx\CalculateField" Date="20160108" Time="144235">CalculateField Fault_Buffer_all name_12_13_14_15 "[name] &amp; [name_1] &amp; [name_12] &amp; [name_12_13] &amp; [NAME_12_13_14]" VB #</Process><Process ToolSource="c:\program files (x86)\arcgis\desktop10.3\ArcToolbox\Toolboxes\Data Management Tools.tbx\CalculateField" Date="20160108" Time="144250">CalculateField Fault_Buffer_all name_12_13_14_15 "[name] &amp; [name_1] &amp; [name_12] &amp; [name_12_13] &amp; [NAME_12_13_14]" VB #</Process><Process ToolSource="c:\program files (x86)\arcgis\desktop10.3\ArcToolbox\Toolboxes\Data Management Tools.tbx\CalculateField" Date="20160108" Time="144956">CalculateField Fault_Buffer_all CFM_URL_12_13_14_15 "[CFM_URL] &amp; [CFM_URL_1] &amp; [CFM_URL_12] &amp; [CFM_URL_12_13] &amp; [CFM_URL_12_13_14_15]" VB #</Process><Process ToolSource="c:\program files (x86)\arcgis\desktop10.3\ArcToolbox\Toolboxes\Data Management Tools.tbx\CalculateField" Date="20160108" Time="150102">CalculateField Fault_Buffer_all Snugget ""This location is within" &amp; [BUFF_DIST_12_13_14_15] &amp;" miles of the" &amp; [BUFF_DIST_12_13_14_15]" VB #</Process><Process ToolSource="c:\program files (x86)\arcgis\desktop10.3\ArcToolbox\Toolboxes\Data Management Tools.tbx\CalculateField" Date="20160108" Time="150209">CalculateField Fault_Buffer_all Snugget ""This location is within" &amp; [BUFF_DIST_12_13_14_15] &amp;" miles of the" &amp; [name_12_13_14_15]" VB #</Process><Process ToolSource="c:\program files (x86)\arcgis\desktop10.3\ArcToolbox\Toolboxes\Data Management Tools.tbx\CalculateField" Date="20160108" Time="150234">CalculateField Fault_Buffer_all Snugget ""This location is within " &amp; [BUFF_DIST_12_13_14_15] &amp;" miles of the " &amp; [name_12_13_14_15]" VB #</Process><Process ToolSource="c:\program files (x86)\arcgis\desktop10.3\ArcToolbox\Toolboxes\Data Management Tools.tbx\CalculateField" Date="20160108" Time="150723">CalculateField Fault_Buffer_all Snugget ""This location is within " &amp; [BUFF_DIST_12_13_14_15] &amp;" miles of the " &amp; [name_12_13_14_15] &amp;". Movement along this fault is possible, but scientists think this fault may slip without creating ground shaking."" VB #</Process><Process ToolSource="c:\program files (x86)\arcgis\desktop10.3\ArcToolbox\Toolboxes\Data Management Tools.tbx\CalculateField" Date="20160108" Time="151632">CalculateField Fault_Buffer_all Snugget "This location is farther than 5 miles from the nearest active fault." VB #</Process><Process ToolSource="c:\program files (x86)\arcgis\desktop10.3\ArcToolbox\Toolboxes\Data Management Tools.tbx\CalculateField" Date="20160108" Time="151705">CalculateField Fault_Buffer_all BUFF_DIST_12_13_14_15 0 VB #</Process><Process ToolSource="c:\program files (x86)\arcgis\desktop10.3\ArcToolbox\Toolboxes\Data Management Tools.tbx\CalculateField" Date="20160108" Time="151723">CalculateField Fault_Buffer_all name_12_13_14_15 "Missoula" VB #</Process><Process ToolSource="c:\program files (x86)\arcgis\desktop10.3\ArcToolbox\Toolboxes\Data Management Tools.tbx\CalculateField" Date="20160108" Time="151742">CalculateField Fault_Buffer_all CFM_URL_12_13_14_15 " " VB #</Process><Process ToolSource="c:\program files (x86)\arcgis\desktop10.3\ArcToolbox\Toolboxes\Data Management Tools.tbx\CalculateField" Date="20160108" Time="151935">CalculateField Fault_Buffer_all Snugget ""This location is within " &amp; [BUFF_DIST_12_13_14_15] &amp;" miles of the " &amp; [name_12_13_14_15] &amp;" which runs from Big Knife creek to Finley Creek. It is not known to produce earthquakes."" VB #</Process><Process ToolSource="c:\program files (x86)\arcgis\desktop10.3\ArcToolbox\Toolboxes\Data Management Tools.tbx\CalculateField" Date="20160108" Time="152024">CalculateField Fault_Buffer_all name_12_13_14_15 "Mission fault" VB #</Process><Process ToolSource="c:\program files (x86)\arcgis\desktop10.3\ArcToolbox\Toolboxes\Data Management Tools.tbx\CalculateField" Date="20160108" Time="152035">CalculateField Fault_Buffer_all Snugget ""This location is within " &amp; [BUFF_DIST_12_13_14_15] &amp;" miles of the " &amp; [name_12_13_14_15] &amp;" which runs from Big Knife creek to Finley Creek. It is not known to produce earthquakes."" VB #</Process><Process ToolSource="c:\program files (x86)\arcgis\desktop10.3\ArcToolbox\Toolboxes\Data Management Tools.tbx\CalculateField" Date="20160108" Time="152113">CalculateField Fault_Buffer_all Snugget ""This location is within " &amp; [BUFF_DIST_12_13_14_15] &amp;" miles of the " &amp; [name_12_13_14_15] &amp;" that runs along the Mission Mountains. Small earthquakes have occurred near this fault in in 2011, 2000, 1997."" VB #</Process><Process ToolSource="c:\program files (x86)\arcgis\desktop10.3\ArcToolbox\Toolboxes\Data Management Tools.tbx\CalculateField" Date="20160108" Time="152152">CalculateField Fault_Buffer_all Snugget ""This location is within " &amp; [BUFF_DIST_12_13_14_15] &amp;" miles of the " &amp; [name_12_13_14_15] &amp;" that runs from Missoula along Ninemile Creek for 43 miles. Small earthquakes have occurred near this fault in the past."" VB #</Process><Process ToolSource="c:\program files (x86)\arcgis\desktop10.3\ArcToolbox\Toolboxes\Data Management Tools.tbx\CalculateField" Date="20160108" Time="152252">CalculateField Fault_Buffer_all Snugget ""This location is within " &amp; [BUFF_DIST_12_13_14_15] &amp;" miles of the " &amp; [name_12_13_14_15] &amp;" that runs along the Swan Range. Small earthquakes have occurred near this fault in the past."" VB #</Process><Process ToolSource="c:\program files (x86)\arcgis\desktop10.3\ArcToolbox\Toolboxes\Data Management Tools.tbx\CalculateField" Date="20160108" Time="152433">CalculateField Fault_Buffer_all Snugget ""This location is within " &amp; [BUFF_DIST_12_13_14_15] &amp; "miles of a fault near Ovando, MT. It is not known to produce earthquakes. " " VB #</Process><Process ToolSource="c:\program files (x86)\arcgis\desktop10.3\ArcToolbox\Toolboxes\Data Management Tools.tbx\CalculateField" Date="20160108" Time="152446">CalculateField Fault_Buffer_all Snugget ""This location is within " &amp; [BUFF_DIST_12_13_14_15] &amp; " miles of a fault near Ovando, MT. It is not known to produce earthquakes. " " VB #</Process><Process ToolSource="c:\program files (x86)\arcgis\desktop10.3\ArcToolbox\Toolboxes\Data Management Tools.tbx\CalculateField" Date="20160108" Time="152850">CalculateField Fault_Buffer_all lookup_value [BUFF_DIST_12_13_14_15] VB #</Process><Process ToolSource="c:\program files (x86)\arcgis\desktop10.3\ArcToolbox\Toolboxes\Data Management Tools.tbx\CalculateField" Date="20160116" Time="121605">CalculateField EQ_Fault_Buffer lookup_val [FID] VB #</Process><Process ToolSource="c:\program files (x86)\arcgis\desktop10.3\ArcToolbox\Toolboxes\Data Management Tools.tbx\CalculateField" Date="20160116" Time="124045">CalculateField EQ_Fault_Buffer intensity [BUFF_DIST_] VB #</Process></lineage><itemProps><itemName Sync="TRUE">EQ_Fault_Buffer</itemName><imsContentType Sync="TRUE">002</imsContentType><itemSize Sync="TRUE">0.312</itemSize><itemLocation><linkage Sync="TRUE">file://\\CARSONVM\C$\Users\Carson\Desktop\GDB_simple\Data_Simple\EQ_Fault_Buffer.shp</linkage><protocol Sync="TRUE">Local Area Network</protocol></itemLocation><nativeExtBox><westBL Sync="TRUE">199474.865300</westBL><eastBL Sync="TRUE">312021.307400</eastBL><southBL Sync="TRUE">276103.254900</southBL><northBL Sync="TRUE">381736.659800</northBL><exTypeCode Sync="TRUE">1</exTypeCode></nativeExtBox></itemProps><coordRef><type Sync="TRUE">Projected</type><geogcsn Sync="TRUE">GCS_North_American_1983</geogcsn><csUnits Sync="TRUE">Linear Unit: Meter (1.000000)</csUnits><peXml Sync="TRUE">&lt;ProjectedCoordinateSystem xsi:type='typens:ProjectedCoordinateSystem' xmlns:xsi='http://www.w3.org/2001/XMLSchema-instance' xmlns:xs='http://www.w3.org/2001/XMLSchema' xmlns:typens='http://www.esri.com/schemas/ArcGIS/10.3'&gt;&lt;WKT&gt;PROJCS[&amp;quot;NAD_1983_StatePlane_Montana_FIPS_2500&amp;quot;,GEOGCS[&amp;quot;GCS_North_American_1983&amp;quot;,DATUM[&amp;quot;D_North_American_1983&amp;quot;,SPHEROID[&amp;quot;GRS_1980&amp;quot;,6378137.0,298.257222101]],PRIMEM[&amp;quot;Greenwich&amp;quot;,0.0],UNIT[&amp;quot;Degree&amp;quot;,0.0174532925199433]],PROJECTION[&amp;quot;Lambert_Conformal_Conic&amp;quot;],PARAMETER[&amp;quot;False_Easting&amp;quot;,600000.0],PARAMETER[&amp;quot;False_Northing&amp;quot;,0.0],PARAMETER[&amp;quot;Central_Meridian&amp;quot;,-109.5],PARAMETER[&amp;quot;Standard_Parallel_1&amp;quot;,45.0],PARAMETER[&amp;quot;Standard_Parallel_2&amp;quot;,49.0],PARAMETER[&amp;quot;Latitude_Of_Origin&amp;quot;,44.25],UNIT[&amp;quot;Meter&amp;quot;,1.0],AUTHORITY[&amp;quot;EPSG&amp;quot;,32100]]&lt;/WKT&gt;&lt;XOrigin&gt;-35666000&lt;/XOrigin&gt;&lt;YOrigin&gt;-30006900&lt;/YOrigin&gt;&lt;XYScale&gt;124182419.54917815&lt;/XYScale&gt;&lt;ZOrigin&gt;-100000&lt;/ZOrigin&gt;&lt;ZScale&gt;10000&lt;/ZScale&gt;&lt;MOrigin&gt;-100000&lt;/MOrigin&gt;&lt;MScale&gt;10000&lt;/MScale&gt;&lt;XYTolerance&gt;0.001&lt;/XYTolerance&gt;&lt;ZTolerance&gt;0.001&lt;/ZTolerance&gt;&lt;MTolerance&gt;0.001&lt;/MTolerance&gt;&lt;HighPrecision&gt;true&lt;/HighPrecision&gt;&lt;WKID&gt;32100&lt;/WKID&gt;&lt;LatestWKID&gt;32100&lt;/LatestWKID&gt;&lt;/ProjectedCoordinateSystem&gt;</peXml><projcsn Sync="TRUE">NAD_1983_StatePlane_Montana_FIPS_2500</projcsn></coordRef></DataProperties><SyncDate>20160108</SyncDate><SyncTime>15331300</SyncTime><ModDate>20160108</ModDate><ModTime>15331300</ModTime></Esri><dataIdInfo><envirDesc Sync="TRUE">Microsoft Windows 7 Version 6.1 (Build 7601) Service Pack 1; Esri ArcGIS 10.3.0.4322</envirDesc><dataLang><languageCode value="eng" Sync="TRUE"></languageCode><countryCode value="USA" Sync="TRUE"></countryCode></dataLang><idCitation><resTitle Sync="TRUE">EQ_Fault_Buffer</resTitle><presForm><PresFormCd value="005" Sync="TRUE"></PresFormCd></presForm></idCitation><spatRpType><SpatRepTypCd value="001" Sync="TRUE"></SpatRepTypCd></spatRpType><dataExt><geoEle><GeoBndBox esriExtentType="search"><exTypeCode Sync="TRUE">1</exTypeCode><westBL Sync="TRUE">-114.829429</westBL><eastBL Sync="TRUE">-113.267133</eastBL><northBL Sync="TRUE">47.621973</northBL><southBL Sync="TRUE">46.614174</southBL></GeoBndBox></geoEle></dataExt></dataIdInfo><mdLang><languageCode value="eng" Sync="TRUE"></languageCode><countryCode value="USA" Sync="TRUE"></countryCode></mdLang><mdChar><CharSetCd value="004" Sync="TRUE"></CharSetCd></mdChar><distInfo><distFormat><formatName Sync="TRUE">Shapefile</formatName></distFormat><distTranOps><transSize Sync="TRUE">0.312</transSize></distTranOps></distInfo><mdHrLv><ScopeCd value="005" Sync="TRUE"></ScopeCd></mdHrLv><mdHrLvName Sync="TRUE">dataset</mdHrLvName><refSysInfo><RefSystem><refSysID><identCode code="32100" Sync="TRUE"></identCode><idCodeSpace Sync="TRUE">EPSG</idCodeSpace><idVersion Sync="TRUE">8.2.6</idVersion></refSysID></RefSystem></refSysInfo><spatRepInfo><VectSpatRep><geometObjs Name="EQ_Fault_Buffer"><geoObjTyp><GeoObjTypCd value="002" Sync="TRUE"></GeoObjTypCd></geoObjTyp><geoObjCnt Sync="TRUE">55</geoObjCnt></geometObjs><topLvl><TopoLevCd value="001" Sync="TRUE"></TopoLevCd></topLvl></VectSpatRep></spatRepInfo><spdoinfo><ptvctinf><esriterm Name="EQ_Fault_Buffer"><efeatyp Sync="TRUE">Simple</efeatyp><efeageom code="4" Sync="TRUE"></efeageom><esritopo Sync="TRUE">FALSE</esritopo><efeacnt Sync="TRUE">55</efeacnt><spindex Sync="TRUE">FALSE</spindex><linrefer Sync="TRUE">FALSE</linrefer></esriterm></ptvctinf></spdoinfo><eainfo><detailed Name="EQ_Fault_Buffer"><enttyp><enttypl Sync="TRUE">EQ_Fault_Buffer</enttypl><enttypt Sync="TRUE">Feature Class</enttypt><enttypc Sync="TRUE">55</enttypc></enttyp><attr><attrlabl Sync="TRUE">FID</attrlabl><attalias Sync="TRUE">FID</attalias><attrtype Sync="TRUE">OID</attrtype><attwidth Sync="TRUE">4</attwidth><atprecis Sync="TRUE">0</atprecis><attscale Sync="TRUE">0</attscale><attrdef Sync="TRUE">Internal feature number.</attrdef><attrdefs Sync="TRUE">Esri</attrdefs><attrdomv><udom Sync="TRUE">Sequential unique whole numbers that are automatically generated.</udom></attrdomv></attr><attr><attrlabl Sync="TRUE">Shape</attrlabl><attalias Sync="TRUE">Shape</attalias><attrtype Sync="TRUE">Geometry</attrtype><attwidth Sync="TRUE">0</attwidth><atprecis Sync="TRUE">0</atprecis><attscale Sync="TRUE">0</attscale><attrdef Sync="TRUE">Feature geometry.</attrdef><attrdefs Sync="TRUE">Esri</attrdefs><attrdomv><udom Sync="TRUE">Coordinates defining the features.</udom></attrdomv></attr><attr><attrlabl Sync="TRUE">name_12_13</attrlabl><attalias Sync="TRUE">name_12_13</attalias><attrtype Sync="TRUE">String</attrtype><attwidth Sync="TRUE">80</attwidth><atprecis Sync="TRUE">0</atprecis><attscale Sync="TRUE">0</attscale></attr><attr><attrlabl Sync="TRUE">CFM_URL_12</attrlabl><attalias Sync="TRUE">CFM_URL_12</attalias><attrtype Sync="TRUE">String</attrtype><attwidth Sync="TRUE">254</attwidth><atprecis Sync="TRUE">0</atprecis><attscale Sync="TRUE">0</attscale></attr><attr><attrlabl Sync="TRUE">BUFF_DIST_</attrlabl><attalias Sync="TRUE">BUFF_DIST_</attalias><attrtype Sync="TRUE">Double</attrtype><attwidth Sync="TRUE">19</attwidth><atprecis Sync="TRUE">0</atprecis><attscale Sync="TRUE">0</attscale></attr><attr><attrlabl Sync="TRUE">Snugget</attrlabl><attalias Sync="TRUE">Snugget</attalias><attrtype Sync="TRUE">String</attrtype><attwidth Sync="TRUE">254</attwidth><atprecis Sync="TRUE">0</atprecis><attscale Sync="TRUE">0</attscale></attr><attr><attrlabl Sync="TRUE">lookup_val</attrlabl><attalias Sync="TRUE">lookup_val</attalias><attrtype Sync="TRUE">SmallInteger</attrtype><attwidth Sync="TRUE">5</attwidth><atprecis Sync="TRUE">5</atprecis><attscale Sync="TRUE">0</attscale></attr><attr><attrlabl Sync="TRUE">Shape_Leng</attrlabl><attalias Sync="TRUE">Shape_Leng</attalias><attrtype Sync="TRUE">Double</attrtype><attwidth Sync="TRUE">19</attwidth><atprecis Sync="TRUE">0</atprecis><attscale Sync="TRUE">0</attscale></attr><attr><attrlabl Sync="TRUE">Shape_Area</attrlabl><attalias Sync="TRUE">Shape_Area</attalias><attrtype Sync="TRUE">Double</attrtype><attwidth Sync="TRUE">19</attwidth><atprecis Sync="TRUE">0</atprecis><attscale Sync="TRUE">0</attscale><attrdef Sync="TRUE">Area of feature in internal units squared.</attrdef><attrdefs Sync="TRUE">Esri</attrdefs><attrdomv><udom Sync="TRUE">Positive real numbers that are automatically generated.</udom></attrdomv></attr></detailed></eainfo><mdDateSt Sync="TRUE">20160108</mdDateSt></metadata>
