<metadata xml:lang="en"><Esri><CreaDate>20151030</CreaDate><CreaTime>10145200</CreaTime><ArcGISFormat>1.0</ArcGISFormat><ArcGISstyle>FGDC CSDGM Metadata</ArcGISstyle><SyncOnce>FALSE</SyncOnce><DataProperties><lineage><Process Name="Feature Class to Feature Class (2)" ToolSource="c:\program files (x86)\arcgis\desktop10.3\ArcToolbox\Toolboxes\Conversion Tools.tbx\FeatureClassToFeatureClass" Date="20150910" Time="164839">FeatureClassToFeatureClass DBO.BNDY_AdjustedCounty_Laye G:\05-MSDI_DataDev\AdminBoundaries\Counties\PublishCountiesData\2015\MontanaCounties.gdb\Boundaries County # "NAME "NAME" true true false 32 Text 0 0 ,First,#,DBO.BNDY_AdjustedCounty_Laye,AdministrativeBoundaries.DBO.BNDY_AdjustedCounty.NAME,-1,-1;NAMEABBR "NAME ABBREVIATION" true true false 3 Text 0 0 ,First,#,DBO.BNDY_AdjustedCounty_Laye,AdministrativeBoundaries.DBO.BNDY_AdjustedCounty.NAMEABBR,-1,-1;COUNTYNUMBER "COUNTYNUMBER" true true false 2 Short 0 5 ,First,#,DBO.BNDY_AdjustedCounty_Laye,AdministrativeBoundaries.DBO.BNDY_AdjustedCounty.COUNTYNUMBER,-1,-1;PKEY "UNIQUE IDENTIFIER" true true false 35 Text 0 0 ,First,#,DBO.BNDY_AdjustedCounty_Laye,AdministrativeBoundaries.DBO.BNDY_AdjustedCounty.PKEY,-1,-1;SQMILES "SQUARE MILES" true true false 8 Double 8 38 ,First,#,DBO.BNDY_AdjustedCounty_Laye,AdministrativeBoundaries.DBO.BNDY_AdjustedCounty.SQMILES,-1,-1;PERIMETER "COUNTY PERIMETER" true true false 8 Double 8 38 ,First,#,DBO.BNDY_AdjustedCounty_Laye,AdministrativeBoundaries.DBO.BNDY_AdjustedCounty.PERIMETER,-1,-1;ACRES "ACRES" true true false 8 Double 8 38 ,First,#,DBO.BNDY_AdjustedCounty_Laye,AdministrativeBoundaries.DBO.BNDY_AdjustedCounty.ACRES,-1,-1;ALLFIPS "FIPS/ANSI w/STATE CODE" true true false 5 Text 0 0 ,First,#,DBO.BNDY_AdjustedCounty_Laye,AdministrativeBoundaries.DBO.BNDY_AdjustedCounty.ALLFIPS,-1,-1;FIPS "FIPS/ANSI CODE" true true false 3 Text 0 0 ,First,#,DBO.BNDY_AdjustedCounty_Laye,AdministrativeBoundaries.DBO.BNDY_AdjustedCounty.FIPS,-1,-1;ORIG_FID "ORIG_FID" true true false 4 Long 0 10 ,First,#,DBO.BNDY_AdjustedCounty_Laye,AdministrativeBoundaries.DBO.BNDY_AdjustedCounty.ORIG_FID,-1,-1;LAST_UPDATE "DATE OF LAST UPDATE" true true false 36 Date 0 0 ,First,#,DBO.BNDY_AdjustedCounty_Laye,AdministrativeBoundaries.DBO.BNDY_AdjustedCounty.LAST_UPDATE,-1,-1;GLOBALID "GLOBALID" true true false 38 Guid 0 0 ,First,#,DBO.BNDY_AdjustedCounty_Laye,BNDY_County.GLOBALID,-1,-1" #</Process><Process ToolSource="c:\program files (x86)\arcgis\desktop10.3\ArcToolbox\Toolboxes\Data Management Tools.tbx\CopyFeatures" Date="20150910" Time="164843">CopyFeatures G:\05-MSDI_DataDev\AdminBoundaries\Counties\PublishCountiesData\2015\MontanaCounties.gdb\Boundaries\County G:\05-MSDI_DataDev\AdminBoundaries\Counties\PublishCountiesData\2015\MontanaCounties_shp\County.shp # 0 0 0</Process><Process ToolSource="c:\program files (x86)\arcgis\desktop10.3\ArcToolbox\Toolboxes\Data Management Tools.tbx\CalculateField" Date="20160108" Time="161620">CalculateField EQ_Historic_Thiessen Snugget ""The nearest historic earthquake to you was a magnitude " &amp; [Magnitude_1] &amp;" and occurred in " &amp; [Year_1] " VB #</Process><Process ToolSource="c:\program files (x86)\arcgis\desktop10.3\ArcToolbox\Toolboxes\Data Management Tools.tbx\CalculateField" Date="20160108" Time="161742">CalculateField EQ_Historic_Thiessen Snugget ""The nearest historic earthquake to you was a magnitude " &amp; [Magnitude_1] &amp;" and occurred in " &amp; [Year_1] &amp;"." " VB #</Process><Process ToolSource="c:\program files (x86)\arcgis\desktop10.3\ArcToolbox\Toolboxes\Data Management Tools.tbx\CalculateField" Date="20160108" Time="162111">CalculateField EQ_Historic_Thiessen lookup_value [OBJECTID_1] VB #</Process><Process ToolSource="c:\program files (x86)\arcgis\desktop10.3\ArcToolbox\Toolboxes\Data Management Tools.tbx\CalculateField" Date="20160108" Time="163211">CalculateField EQ_Historic_Thiessen Snugget ""The nearest historic earthquake to you was a magnitude " &amp; [Magnitude_1] &amp;" and occurred in " &amp; [Year_1] &amp;". This earthquake likely caused slight shaking, but may not have been recognized as an earthquake. It would have felt similar to the vibrations of a passing truck."" VB #</Process></lineage><itemProps><itemName Sync="TRUE">EQ_Historic_Distance</itemName><itemSize Sync="TRUE">0.000</itemSize><itemLocation><linkage Sync="TRUE">file://\\CARSONVM\C$\Users\Carson\Desktop\GDB_simple\Data_Simple\EQ_Historic_Distance.shp</linkage><protocol Sync="TRUE">Local Area Network</protocol></itemLocation><imsContentType Sync="TRUE">002</imsContentType><nativeExtBox><westBL Sync="TRUE">111848.618281</westBL><eastBL Sync="TRUE">1030194.186250</eastBL><southBL Sync="TRUE">17695.159219</southBL><northBL Sync="TRUE">547983.684688</northBL><exTypeCode Sync="TRUE">1</exTypeCode></nativeExtBox></itemProps><coordRef><type Sync="TRUE">Projected</type><geogcsn Sync="TRUE">GCS_North_American_1983</geogcsn><csUnits Sync="TRUE">Linear Unit: Meter (1.000000)</csUnits><peXml Sync="TRUE">&lt;ProjectedCoordinateSystem xsi:type='typens:ProjectedCoordinateSystem' xmlns:xsi='http://www.w3.org/2001/XMLSchema-instance' xmlns:xs='http://www.w3.org/2001/XMLSchema' xmlns:typens='http://www.esri.com/schemas/ArcGIS/10.3'&gt;&lt;WKT&gt;PROJCS[&amp;quot;NAD_1983_StatePlane_Montana_FIPS_2500&amp;quot;,GEOGCS[&amp;quot;GCS_North_American_1983&amp;quot;,DATUM[&amp;quot;D_North_American_1983&amp;quot;,SPHEROID[&amp;quot;GRS_1980&amp;quot;,6378137.0,298.257222101]],PRIMEM[&amp;quot;Greenwich&amp;quot;,0.0],UNIT[&amp;quot;Degree&amp;quot;,0.0174532925199433]],PROJECTION[&amp;quot;Lambert_Conformal_Conic&amp;quot;],PARAMETER[&amp;quot;False_Easting&amp;quot;,600000.0],PARAMETER[&amp;quot;False_Northing&amp;quot;,0.0],PARAMETER[&amp;quot;Central_Meridian&amp;quot;,-109.5],PARAMETER[&amp;quot;Standard_Parallel_1&amp;quot;,45.0],PARAMETER[&amp;quot;Standard_Parallel_2&amp;quot;,49.0],PARAMETER[&amp;quot;Latitude_Of_Origin&amp;quot;,44.25],UNIT[&amp;quot;Meter&amp;quot;,1.0],AUTHORITY[&amp;quot;EPSG&amp;quot;,32100]]&lt;/WKT&gt;&lt;XOrigin&gt;-35666000&lt;/XOrigin&gt;&lt;YOrigin&gt;-30006900&lt;/YOrigin&gt;&lt;XYScale&gt;124182419.54917815&lt;/XYScale&gt;&lt;ZOrigin&gt;-100000&lt;/ZOrigin&gt;&lt;ZScale&gt;10000&lt;/ZScale&gt;&lt;MOrigin&gt;-100000&lt;/MOrigin&gt;&lt;MScale&gt;10000&lt;/MScale&gt;&lt;XYTolerance&gt;0.001&lt;/XYTolerance&gt;&lt;ZTolerance&gt;0.001&lt;/ZTolerance&gt;&lt;MTolerance&gt;0.001&lt;/MTolerance&gt;&lt;HighPrecision&gt;true&lt;/HighPrecision&gt;&lt;WKID&gt;32100&lt;/WKID&gt;&lt;LatestWKID&gt;32100&lt;/LatestWKID&gt;&lt;/ProjectedCoordinateSystem&gt;</peXml><projcsn Sync="TRUE">NAD_1983_StatePlane_Montana_FIPS_2500</projcsn></coordRef></DataProperties><SyncDate>20160108</SyncDate><SyncTime>16360500</SyncTime><ModDate>20160108</ModDate><ModTime>16360500</ModTime><scaleRange><minScale>50000</minScale><maxScale>5000</maxScale></scaleRange></Esri><mdLang><languageCode value="eng"/><countryCode value="USA" Sync="TRUE"></countryCode></mdLang><mdChar><CharSetCd value="004"/></mdChar><mdHrLv><ScopeCd value="005"/></mdHrLv><mdContact><rpIndName>Meghan Burns</rpIndName><rpOrgName>Montana State Library</rpOrgName><rpPosName>GIS Analyst</rpPosName><rpCntInfo><cntAddress addressType="postal"><delPoint>PO Box 201800</delPoint><city>Helena</city><adminArea>MT</adminArea><postCode>59620</postCode><country>US</country></cntAddress><cntPhone><voiceNum>4064441550</voiceNum></cntPhone></rpCntInfo><displayName>Meghan Burns</displayName><role><RoleCd value="007"/></role></mdContact><mdStanName>ArcGIS Metadata</mdStanName><mdStanVer>1.0</mdStanVer><distInfo><distributor><distorFormat><formatName>ESRI Personal Geodatabase</formatName></distorFormat><distorTran><onLineSrc><linkage>ftp://gis.doa.state.mt.us/download/cadastral/mtcounties.mdb</linkage></onLineSrc></distorTran><distorTran><onLineSrc><orDesc>downloadable data</orDesc></onLineSrc></distorTran><distorCont><rpIndName>Meghan Burns</rpIndName><rpOrgName>Montana State Library</rpOrgName><rpPosName>GIS Analyst</rpPosName><rpCntInfo><cntAddress addressType="postal"><delPoint>PO Box 201800</delPoint><city>Helena</city><adminArea>MT</adminArea><postCode>59620</postCode><country>US</country><eMailAdd>mburns2@mt.gov</eMailAdd></cntAddress><cntPhone><voiceNum>406-444-1550</voiceNum></cntPhone></rpCntInfo><displayName>Meghan Burns</displayName><role><RoleCd value="010"/></role></distorCont></distributor><distTranOps><onLineSrc><linkage>http://giscoordination.mt.gov/data.asp</linkage></onLineSrc><transSize Sync="TRUE">0.000</transSize></distTranOps><distFormat><formatName Sync="TRUE">Shapefile</formatName></distFormat></distInfo><dataIdInfo><idCitation><date><pubDate>2015-09-11T00:00:00</pubDate></date><resEd>2015</resEd><citRespParty><rpIndName>Administrative Boundary Coordinator</rpIndName><rpOrgName>Montana State Library</rpOrgName><rpPosName>GIS Analyst</rpPosName><rpCntInfo><cntAddress addressType="postal"><delPoint>PO Box 201800</delPoint><city>Helena</city><adminArea>MT</adminArea><postCode>59620</postCode><country>US</country><eMailAdd>mburns2@mt.gov</eMailAdd></cntAddress><cntPhone><voiceNum>406-444-1550</voiceNum></cntPhone></rpCntInfo><displayName>Meghan Burns</displayName><displayName>Meghan Burns</displayName><role><RoleCd value="006"/></role></citRespParty><resTitle Sync="TRUE">EQ_Historic_Distance</resTitle><presForm><PresFormCd value="005" Sync="TRUE"></PresFormCd></presForm></idCitation><idAbs>&lt;DIV STYLE="text-align:Left;"&gt;&lt;DIV&gt;&lt;DIV&gt;&lt;P&gt;&lt;SPAN&gt;Database of Montana Counties created to be coincident with the Montana Cadastral Parcel Boundaries. Where county boundaries are coincident with public land survey section lines, they were copied from the BLM's Geographic Coordinate Database (GCDB). If boundaries were not coincident with GCDB lines, they were digitized on screen from 1:24,000 scale Geological Survey Digital Raster Graphics (DRGs). County Boundaries will change as the GCDB is adjusted by the BLM and those data are imported into the Cadastral Data Model. Adjusted to the version of CADNSDI at this time period 9/1/2014.&lt;/SPAN&gt;&lt;/P&gt;&lt;/DIV&gt;&lt;/DIV&gt;&lt;/DIV&gt;</idAbs><idPurp>County boundaries coincident with GCDB and Cadastral parcel data.</idPurp><idCredit>US Bureau of Land Management, Geographic Coordinate Database, US Geological Survey 1:24,000 Digital Raster Graphics</idCredit><idStatus><ProgCd value="001"/></idStatus><resMaint><maintFreq><MaintFreqCd value="009"/></maintFreq><maintCont><rpIndName>Meghan Burns</rpIndName><rpOrgName>Montana State Library</rpOrgName><rpPosName>GIS Analyst</rpPosName><rpCntInfo><cntAddress addressType="postal"><delPoint>PO Box 201800</delPoint><city>Helena</city><adminArea>MT</adminArea><postCode>59620</postCode><country>US</country><eMailAdd>mburns2@mt.gov</eMailAdd></cntAddress><cntPhone><voiceNum>4064441550</voiceNum></cntPhone></rpCntInfo><displayName>Meghan Burns</displayName><role><RoleCd value="007"/></role></maintCont></resMaint><placeKeys><keyword>Montana</keyword></placeKeys><themeKeys><keyword>county</keyword><keyword>Montana counties</keyword><keyword>governmental units</keyword><keyword>counties</keyword><keyword>Montana county boundary</keyword><keyword>county lines</keyword><keyword>county boundary</keyword><keyword>Montana Spatial Data Infrastructure</keyword><keyword>MSDI</keyword></themeKeys><themeKeys><thesaName><resTitle>ISO 19115 Topic Category</resTitle></thesaName><keyword>boundaries</keyword></themeKeys><searchKeys><keyword>Montana</keyword><keyword>county</keyword><keyword>boundaries</keyword><keyword>Montana counties</keyword><keyword>governmental units</keyword><keyword>counties</keyword><keyword>Montana county boundary</keyword><keyword>county lines</keyword><keyword>county boundary</keyword><keyword>Montana Spatial Data Infrastructure</keyword><keyword>MSDI</keyword></searchKeys><resConst><LegConsts><useLimit>The Montana State Library Geographic Information Services provides this product/service for informational purposes only. The Library did not produce it for, nor is it suitable for legal, engineering, or surveying purposes. Consumers of this information should review or consult the primary data and information sources to ascertain the viability of the information for their purposes. The Library provides these data in good faith but does not represent or warrant its accuracy, adequacy, or completeness. In no event shall the Library be liable for any incorrect results or analysis; any direct, indirect, special, or consequential damages to any party; or any lost profits arising out of or in connection with the use or the inability to use the data or the services provided. The Library makes these data and services available as a convenience to the public, and for no other purpose. The Library reserves the right to change or revise published data and/or services at any time.</useLimit></LegConsts></resConst><resConst><Consts><useLimit>&lt;DIV STYLE="text-align:Left;"&gt;&lt;DIV&gt;&lt;DIV&gt;&lt;P&gt;&lt;SPAN&gt;County data is best used in conjunction with the GCDB, or other data based on GCDB. The Montana State Library Geographic Information Services provides this product/service for informational purposes only. The Library did not produce it for, nor is it suitable for legal, engineering, or surveying purposes. Consumers of this information should review or consult the primary data and information sources to ascertain the viability of the information for their purposes. The Library provides these data in good faith but does not represent or warrant its accuracy, adequacy, or completeness. In no event shall the Library be liable for any incorrect results or analysis; any direct, indirect, special, or consequential damages to any party; or any lost profits arising out of or in connection with the use or the inability to use the data or the services provided. The Library makes these data and services available as a convenience to the public, and for no other purpose. The Library reserves the right to change or revise published data and/or services at any time.&lt;/SPAN&gt;&lt;/P&gt;&lt;/DIV&gt;&lt;/DIV&gt;&lt;/DIV&gt;</useLimit></Consts></resConst><dataLang><languageCode value="eng"/><countryCode value="USA" Sync="TRUE"></countryCode></dataLang><dataExt><exDesc>publication date</exDesc><geoEle/></dataExt><dataChar><CharSetCd value="004"/></dataChar><idPoC><rpIndName>Meghan Burns</rpIndName><rpOrgName>Montana State Library</rpOrgName><rpPosName>GIS Analyst</rpPosName><rpCntInfo><cntAddress addressType="postal"><delPoint>PO Box 201800</delPoint><city>Helena</city><adminArea>MT</adminArea><postCode>59620</postCode><country>US</country><eMailAdd>mburns2@mt.gov</eMailAdd></cntAddress><cntPhone><voiceNum>406-444-1550</voiceNum></cntPhone></rpCntInfo><displayName>Meghan Burns</displayName><role><RoleCd value="007"/></role></idPoC><tpCat><TopicCatCd value="017"/></tpCat><tpCat><TopicCatCd value="003"/></tpCat><envirDesc Sync="TRUE">Microsoft Windows 7 Version 6.1 (Build 7601) Service Pack 1; Esri ArcGIS 10.3.0.4322</envirDesc><spatRpType><SpatRepTypCd value="001" Sync="TRUE"></SpatRepTypCd></spatRpType><dataExt><geoEle><GeoBndBox esriExtentType="search"><exTypeCode Sync="TRUE">1</exTypeCode><westBL Sync="TRUE">-116.178571</westBL><eastBL Sync="TRUE">-103.611177</eastBL><northBL Sync="TRUE">49.180871</northBL><southBL Sync="TRUE">44.237720</southBL></GeoBndBox></geoEle></dataExt></dataIdInfo><mdMaint><maintFreq><MaintFreqCd value="006"/></maintFreq><maintCont><rpIndName>Meghan Burns</rpIndName><rpOrgName>Montana State Library</rpOrgName><rpPosName>GIS Analyst</rpPosName><rpCntInfo><cntAddress addressType="postal"><delPoint>PO Box 201800</delPoint><city>Helena</city><adminArea>MT</adminArea><postCode>59620</postCode><country>US</country></cntAddress><cntPhone><voiceNum>4064441550</voiceNum></cntPhone></rpCntInfo><displayName>Meghan Burns</displayName><role><RoleCd value="007"/></role></maintCont></mdMaint><dqInfo><dqScope><scpLvl><ScopeCd value="005"/></scpLvl></dqScope><report type="DQCompOm"><measDesc>Complete as of 10/05/09</measDesc></report><report type="DQAbsExtPosAcc" dimension="horizontal"><measDesc>Varies on GCDB accuracy</measDesc></report><dataLineage><prcStep><stepDesc>County boundaries when coincident with the PLSS were copied from original GCDB data downloaded from the Montana State BLM Office. Based on recent observations, this GCDB data varies somewhat from what is available at the Denver GCDB LSIS site and BLM needs to coordinate to ensure one standard version of GCDB. The boundaries that are not coincident with PLSS, rivers and other topographic features, were on screen digitized from the USGS raster graphics. Discrepencies were researched when encountered, however this is not meant to represent a legal survey of Montana county boundaries</stepDesc><stepDateTm>2002-20-03</stepDateTm></prcStep><dataSource><srcDesc>County lines that do not follow Public Land Survey lines were screen-digitized from these images.</srcDesc><srcMedName><MedNameCd value="015"/></srcMedName><srcScale><rfDenom>24000</rfDenom></srcScale><srcCitatn><resTitle>1:24,000 scale Digital Raster Graphics</resTitle><citRespParty><rpOrgName>Montana State Library</rpOrgName><rpCntInfo><cntAddress><delPoint>Helena, MT</delPoint></cntAddress></rpCntInfo><role><RoleCd value="010"/></role></citRespParty><citRespParty><rpOrgName>U.S. Geological Survey</rpOrgName><role><RoleCd value="006"/></role></citRespParty><citOnlineRes><linkage>http://nris.state.mt.us/nsdi/drgpages/tifstate.html</linkage></citOnlineRes></srcCitatn></dataSource><dataSource><srcDesc>This is the source of all county lines that follow Public Land Survey lines.</srcDesc><srcMedName><MedNameCd value="015"/></srcMedName><srcCitatn><resTitle>Geographic Coordinate Database</resTitle><citRespParty><rpOrgName>U.S. Bureau of Land Management, Montana/Dakotas Cadastral Survey</rpOrgName><rpCntInfo><cntAddress><delPoint>Billings, MT</delPoint></cntAddress></rpCntInfo><role><RoleCd value="010"/></role></citRespParty><citRespParty><rpOrgName>U.S. Bureau of Land Management</rpOrgName><role><RoleCd value="006"/></role></citRespParty><citOnlineRes><linkage>http://www.mt.blm.gov/cadastral/gcdb/index.html</linkage></citOnlineRes></srcCitatn></dataSource><prcStep><stepDesc>County boundaries were adjusted  to the latest CadNSDI.</stepDesc><stepProc><rpIndName>Meghan Burns</rpIndName><rpOrgName>Montana State Library</rpOrgName><rpPosName>GIS Analyst</rpPosName><rpCntInfo><cntAddress addressType="postal"><delPoint>PO Box 201800</delPoint><city>Helena</city><adminArea>MT</adminArea><postCode>59620</postCode><country>US</country><eMailAdd>mburns2@mt.gov</eMailAdd></cntAddress><cntPhone><voiceNum>4064441550</voiceNum></cntPhone></rpCntInfo><displayName>Meghan Burns</displayName><role><RoleCd value="007"/></role></stepProc></prcStep></dataLineage></dqInfo><eainfo><detailed Name="EQ_Historic_Distance"><enttyp><enttypl Sync="TRUE">EQ_Historic_Distance</enttypl><enttypd>Counties of Montana</enttypd><enttypt Sync="TRUE">Feature Class</enttypt><enttypc Sync="TRUE">0</enttypc></enttyp><attr><attrlabl Sync="TRUE">FID</attrlabl><attalias Sync="TRUE">FID</attalias><attrtype Sync="TRUE">OID</attrtype><attwidth Sync="TRUE">4</attwidth><atprecis Sync="TRUE">0</atprecis><attscale Sync="TRUE">0</attscale><attrdef Sync="TRUE">Internal feature number.</attrdef><attrdefs Sync="TRUE">Esri</attrdefs><attrdomv><udom Sync="TRUE">Sequential unique whole numbers that are automatically generated.</udom></attrdomv></attr><attr><attrlabl>SHAPE</attrlabl><attrdef>Feature geometry.</attrdef><attrdefs>ESRI</attrdefs><attrdomv><udom>Coordinates defining the features.</udom></attrdomv><attalias Sync="TRUE">Shape</attalias><attrtype Sync="TRUE">Geometry</attrtype><attwidth Sync="TRUE">0</attwidth><atprecis Sync="TRUE">0</atprecis><attscale Sync="TRUE">0</attscale></attr><attr><attrlabl>SHAPE_Area</attrlabl><attrdef>Area of polygon in square meters.</attrdef><attalias Sync="TRUE">Shape_Area</attalias><attrtype Sync="TRUE">Double</attrtype><attwidth Sync="TRUE">19</attwidth><atprecis Sync="TRUE">0</atprecis><attscale Sync="TRUE">0</attscale><attrdefs Sync="TRUE">ESRI</attrdefs><attrdomv><udom Sync="TRUE">Positive real numbers that are automatically generated.</udom></attrdomv></attr><attr><attrlabl Sync="TRUE">Magnitude_</attrlabl><attalias Sync="TRUE">Magnitude_</attalias><attrtype Sync="TRUE">Single</attrtype><attwidth Sync="TRUE">13</attwidth><atprecis Sync="TRUE">0</atprecis><attscale Sync="TRUE">0</attscale></attr><attr><attrlabl Sync="TRUE">Name_12</attrlabl><attalias Sync="TRUE">Name_12</attalias><attrtype Sync="TRUE">String</attrtype><attwidth Sync="TRUE">254</attwidth><atprecis Sync="TRUE">0</atprecis><attscale Sync="TRUE">0</attscale></attr><attr><attrlabl Sync="TRUE">Date_1</attrlabl><attalias Sync="TRUE">Date_1</attalias><attrtype Sync="TRUE">String</attrtype><attwidth Sync="TRUE">50</attwidth><atprecis Sync="TRUE">0</atprecis><attscale Sync="TRUE">0</attscale></attr><attr><attrlabl Sync="TRUE">Snugget</attrlabl><attalias Sync="TRUE">Snugget</attalias><attrtype Sync="TRUE">String</attrtype><attwidth Sync="TRUE">254</attwidth><atprecis Sync="TRUE">0</atprecis><attscale Sync="TRUE">0</attscale></attr><attr><attrlabl Sync="TRUE">lookup_val</attrlabl><attalias Sync="TRUE">lookup_val</attalias><attrtype Sync="TRUE">SmallInteger</attrtype><attwidth Sync="TRUE">5</attwidth><atprecis Sync="TRUE">5</atprecis><attscale Sync="TRUE">0</attscale></attr><attr><attrlabl Sync="TRUE">Shape_Leng</attrlabl><attalias Sync="TRUE">Shape_Leng</attalias><attrtype Sync="TRUE">Double</attrtype><attwidth Sync="TRUE">19</attwidth><atprecis Sync="TRUE">0</atprecis><attscale Sync="TRUE">0</attscale></attr><attr><attrlabl Sync="TRUE">Year_1</attrlabl><attalias Sync="TRUE">Year_1</attalias><attrtype Sync="TRUE">Integer</attrtype><attwidth Sync="TRUE">10</attwidth><atprecis Sync="TRUE">10</atprecis><attscale Sync="TRUE">0</attscale></attr></detailed></eainfo><mdHrLvName Sync="TRUE">dataset</mdHrLvName><refSysInfo><RefSystem><refSysID><identCode code="32100" Sync="TRUE"></identCode><idCodeSpace Sync="TRUE">EPSG</idCodeSpace><idVersion Sync="TRUE">8.2.6</idVersion></refSysID></RefSystem></refSysInfo><spatRepInfo><VectSpatRep><geometObjs Name="EQ_Historic_Distance"><geoObjTyp><GeoObjTypCd value="002" Sync="TRUE"></GeoObjTypCd></geoObjTyp><geoObjCnt Sync="TRUE">0</geoObjCnt></geometObjs><topLvl><TopoLevCd value="001" Sync="TRUE"></TopoLevCd></topLvl></VectSpatRep></spatRepInfo><spdoinfo><ptvctinf><esriterm Name="EQ_Historic_Distance"><efeatyp Sync="TRUE">Simple</efeatyp><efeageom code="4" Sync="TRUE"></efeageom><esritopo Sync="TRUE">FALSE</esritopo><efeacnt Sync="TRUE">0</efeacnt><spindex Sync="TRUE">FALSE</spindex><linrefer Sync="TRUE">FALSE</linrefer></esriterm></ptvctinf></spdoinfo><mdDateSt Sync="TRUE">20160108</mdDateSt></metadata>
