<PAMDataset>
  <PAMRasterBand band="1">
    <Histograms>
      <HistItem>
        <HistMin>0.5714285714285714</HistMin>
        <HistMax>7.428571428571429</HistMax>
        <BucketCount>7</BucketCount>
        <IncludeOutOfRange>0</IncludeOutOfRange>
        <Approximate>0</Approximate>
        <HistCounts>339|4686|43239|32677|14748|4124|1019</HistCounts>
      </HistItem>
    </Histograms>
    <Metadata>
      <MDI key="STATISTICS_MAXIMUM">7</MDI>
      <MDI key="STATISTICS_MEAN">3.7265253094256</MDI>
      <MDI key="STATISTICS_MINIMUM">1</MDI>
      <MDI key="STATISTICS_STDDEV">0.98539364156774</MDI>
    </Metadata>
  </PAMRasterBand>
</PAMDataset>
