<metadata xml:lang="en"><Esri><CreaDate>20150326</CreaDate><CreaTime>19144800</CreaTime><ArcGISFormat>1.0</ArcGISFormat><ArcGISstyle>FGDC CSDGM Metadata</ArcGISstyle><SyncOnce>FALSE</SyncOnce><DataProperties><lineage><Process ToolSource="c:\program files (x86)\arcgis\desktop10.2\ArcToolbox\Toolboxes\Conversion Tools.tbx\RasterToPolygon" Date="20150326" Time="191448">RasterToPolygon C:\GIS_DATA\OPB_Project\All_Data\EQ_shapefiles.gdb\ShakingPGV_bc C:\GIS_DATA\OPB_Project\All_Data\EQ_shapefiles.gdb\GroundShaking_PGV SIMPLIFY Value</Process><Process ToolSource="c:\program files (x86)\arcgis\desktop10.2\ArcToolbox\Toolboxes\Conversion Tools.tbx\FeatureClassToFeatureClass" Date="20150326" Time="191800">FeatureClassToFeatureClass C:\GIS_DATA\OPB_Project\All_Data\EQ_shapefiles.gdb\GroundShaking_PGV C:\GIS_DATA\OPB_Project\All_Data GroundShaking_PGV.shp # "Id "Id" true true false 4 Long 0 0 ,First,#,C:\GIS_DATA\OPB_Project\All_Data\EQ_shapefiles.gdb\GroundShaking_PGV,Id,-1,-1;gridcode "gridcode" true true false 4 Long 0 0 ,First,#,C:\GIS_DATA\OPB_Project\All_Data\EQ_shapefiles.gdb\GroundShaking_PGV,gridcode,-1,-1;Shape_Leng "Shape_Leng" false true true 8 Double 0 0 ,First,#,C:\GIS_DATA\OPB_Project\All_Data\EQ_shapefiles.gdb\GroundShaking_PGV,Shape_Length,-1,-1;Shape_Area "Shape_Area" false true true 8 Double 0 0 ,First,#,C:\GIS_DATA\OPB_Project\All_Data\EQ_shapefiles.gdb\GroundShaking_PGV,Shape_Area,-1,-1" #</Process><Process ToolSource="c:\program files (x86)\arcgis\desktop10.2\ArcToolbox\Toolboxes\Data Management Tools.tbx\CalculateField" Date="20150326" Time="193246">CalculateField GroundShaking_PGV Intensity value VB "dim value\nIf [gridcode] = 1 Then\nvalue = "Light"\nElseif [gridcode] = 2 Then\nvalue = "Moderate"\nElseif [gridcode] = 3 Then\nvalue = "Strong"\nElseif [gridcode] = 4 Then\nvalue = "Very Strong"\nElseif [gridcode] = 5 Then\nvalue = "Severe"\nElseif [gridcode] = 6 Then\nvalue = "Violent"\nEnd If\n\n\n"</Process><Process ToolSource="c:\program files (x86)\arcgis\desktop10.2\ArcToolbox\Toolboxes\Data Management Tools.tbx\RepairGeometry" Date="20150327" Time="113437">RepairGeometry C:\GIS_DATA\OPB_Project\All_Data\GroundShaking_PGV.shp KEEP_NULL</Process><Process ToolSource="c:\program files (x86)\arcgis\desktop10.2\ArcToolbox\Toolboxes\Data Management Tools.tbx\Dissolve" Date="20150327" Time="113708">Dissolve C:\GIS_DATA\OPB_Project\All_Data\GroundShaking_PGV.shp C:\GIS_DATA\OPB_Project\All_Data\GroundShaking_simple.shp gridcode # MULTI_PART DISSOLVE_LINES</Process></lineage><itemProps><itemName Sync="TRUE">GroundShaking_simple</itemName><imsContentType Sync="TRUE">002</imsContentType><itemSize Sync="TRUE">0.000</itemSize><itemLocation><linkage Sync="TRUE">file://\\LENOVO2\C$\GIS_DATA\OPB_Project\All_Data\GroundShaking_simple.shp</linkage><protocol Sync="TRUE">Local Area Network</protocol></itemLocation></itemProps><coordRef><type Sync="TRUE">Projected</type><geogcsn Sync="TRUE">GCS_North_American_1983</geogcsn><csUnits Sync="TRUE">Linear Unit: Foot (0.304800)</csUnits><projcsn Sync="TRUE">NAD_1983_Oregon_Statewide_Lambert_Feet_Intl</projcsn><peXml Sync="TRUE">&lt;ProjectedCoordinateSystem xsi:type='typens:ProjectedCoordinateSystem' xmlns:xsi='http://www.w3.org/2001/XMLSchema-instance' xmlns:xs='http://www.w3.org/2001/XMLSchema' xmlns:typens='http://www.esri.com/schemas/ArcGIS/10.1'&gt;&lt;WKT&gt;PROJCS[&amp;quot;NAD_1983_Oregon_Statewide_Lambert_Feet_Intl&amp;quot;,GEOGCS[&amp;quot;GCS_North_American_1983&amp;quot;,DATUM[&amp;quot;D_North_American_1983&amp;quot;,SPHEROID[&amp;quot;GRS_1980&amp;quot;,6378137.0,298.257222101]],PRIMEM[&amp;quot;Greenwich&amp;quot;,0.0],UNIT[&amp;quot;Degree&amp;quot;,0.0174532925199433]],PROJECTION[&amp;quot;Lambert_Conformal_Conic&amp;quot;],PARAMETER[&amp;quot;False_Easting&amp;quot;,1312335.958005249],PARAMETER[&amp;quot;False_Northing&amp;quot;,0.0],PARAMETER[&amp;quot;Central_Meridian&amp;quot;,-120.5],PARAMETER[&amp;quot;Standard_Parallel_1&amp;quot;,43.0],PARAMETER[&amp;quot;Standard_Parallel_2&amp;quot;,45.5],PARAMETER[&amp;quot;Latitude_Of_Origin&amp;quot;,41.75],UNIT[&amp;quot;Foot&amp;quot;,0.3048],AUTHORITY[&amp;quot;EPSG&amp;quot;,2992]]&lt;/WKT&gt;&lt;XOrigin&gt;-118489100&lt;/XOrigin&gt;&lt;YOrigin&gt;-97381100&lt;/YOrigin&gt;&lt;XYScale&gt;37592196.316242374&lt;/XYScale&gt;&lt;ZOrigin&gt;-100000&lt;/ZOrigin&gt;&lt;ZScale&gt;10000&lt;/ZScale&gt;&lt;MOrigin&gt;-100000&lt;/MOrigin&gt;&lt;MScale&gt;10000&lt;/MScale&gt;&lt;XYTolerance&gt;0.0032808398950131233&lt;/XYTolerance&gt;&lt;ZTolerance&gt;0.001&lt;/ZTolerance&gt;&lt;MTolerance&gt;0.001&lt;/MTolerance&gt;&lt;HighPrecision&gt;true&lt;/HighPrecision&gt;&lt;WKID&gt;2992&lt;/WKID&gt;&lt;LatestWKID&gt;2992&lt;/LatestWKID&gt;&lt;/ProjectedCoordinateSystem&gt;</peXml></coordRef></DataProperties><SyncDate>20150327</SyncDate><SyncTime>11365400</SyncTime><ModDate>20150327</ModDate><ModTime>11365400</ModTime></Esri><dataIdInfo><envirDesc Sync="TRUE"> Version 6.2 (Build 9200) ; Esri ArcGIS 10.2.0.3348</envirDesc><dataLang><languageCode value="eng" Sync="TRUE"></languageCode><countryCode value="USA" Sync="TRUE"></countryCode></dataLang><idCitation><resTitle Sync="TRUE">GroundShaking_simple</resTitle><presForm><PresFormCd value="005" Sync="TRUE"></PresFormCd></presForm></idCitation><spatRpType><SpatRepTypCd value="001" Sync="TRUE"></SpatRepTypCd></spatRpType></dataIdInfo><mdLang><languageCode value="eng" Sync="TRUE"></languageCode><countryCode value="USA" Sync="TRUE"></countryCode></mdLang><distInfo><distFormat><formatName Sync="TRUE">Shapefile</formatName></distFormat><distTranOps><transSize Sync="TRUE">0.000</transSize></distTranOps></distInfo><mdHrLv><ScopeCd value="005" Sync="TRUE"></ScopeCd></mdHrLv><mdHrLvName Sync="TRUE">dataset</mdHrLvName><refSysInfo><RefSystem><refSysID><identCode code="2992" Sync="TRUE"></identCode><idCodeSpace Sync="TRUE">EPSG</idCodeSpace><idVersion Sync="TRUE">8.1.1</idVersion></refSysID></RefSystem></refSysInfo><spatRepInfo><VectSpatRep><geometObjs Name="GroundShaking_simple"><geoObjTyp><GeoObjTypCd value="002" Sync="TRUE"></GeoObjTypCd></geoObjTyp><geoObjCnt Sync="TRUE">0</geoObjCnt></geometObjs><topLvl><TopoLevCd value="001" Sync="TRUE"></TopoLevCd></topLvl></VectSpatRep></spatRepInfo><spdoinfo><ptvctinf><esriterm Name="GroundShaking_simple"><efeatyp Sync="TRUE">Simple</efeatyp><efeageom code="4" Sync="TRUE"></efeageom><esritopo Sync="TRUE">FALSE</esritopo><efeacnt Sync="TRUE">0</efeacnt><spindex Sync="TRUE">FALSE</spindex><linrefer Sync="TRUE">FALSE</linrefer></esriterm></ptvctinf></spdoinfo><eainfo><detailed Name="GroundShaking_simple"><enttyp><enttypl Sync="TRUE">GroundShaking_simple</enttypl><enttypt Sync="TRUE">Feature Class</enttypt><enttypc Sync="TRUE">0</enttypc></enttyp><attr><attrlabl Sync="TRUE">FID</attrlabl><attalias Sync="TRUE">FID</attalias><attrtype Sync="TRUE">OID</attrtype><attwidth Sync="TRUE">4</attwidth><atprecis Sync="TRUE">0</atprecis><attscale Sync="TRUE">0</attscale><attrdef Sync="TRUE">Internal feature number.</attrdef><attrdefs Sync="TRUE">Esri</attrdefs><attrdomv><udom Sync="TRUE">Sequential unique whole numbers that are automatically generated.</udom></attrdomv></attr><attr><attrlabl Sync="TRUE">Shape</attrlabl><attalias Sync="TRUE">Shape</attalias><attrtype Sync="TRUE">Geometry</attrtype><attwidth Sync="TRUE">0</attwidth><atprecis Sync="TRUE">0</atprecis><attscale Sync="TRUE">0</attscale><attrdef Sync="TRUE">Feature geometry.</attrdef><attrdefs Sync="TRUE">Esri</attrdefs><attrdomv><udom Sync="TRUE">Coordinates defining the features.</udom></attrdomv></attr><attr><attrlabl Sync="TRUE">gridcode</attrlabl><attalias Sync="TRUE">gridcode</attalias><attrtype Sync="TRUE">Integer</attrtype><attwidth Sync="TRUE">9</attwidth><atprecis Sync="TRUE">9</atprecis><attscale Sync="TRUE">0</attscale></attr></detailed></eainfo><mdDateSt Sync="TRUE">20150327</mdDateSt></metadata>
