Data,Value,Section,Sub Section,Nugget Content,In Django Admin,In Template
Impact Zone,1 Tsunami,1 The Moment,,"The scenario: Oregon's long-awaited magnitude 9 earthquake has finally struck, unleashing a sustained shaking from British Columbia to the tip of California. Oregon was unprepared -- and your coastal community is hit hard.",x,
Impact Zone,2 Coast,1 The Moment,,"The scenario: Oregon's long-awaited magnitude 9 earthquake has finally struck, unleashing a sustained shaking from British Columbia to the tip of California. Oregon was unprepared -- and your coastal community is hit hard.",x,
Impact Zone,3 Valley,1 The Moment,,"The scenario: Oregon's long-awaited magnitude 9 earthquake has finally struck, unleashing a sustained shaking from British Columbia to the tip of California. Oregon was unprepared -- and your home in the Willamette Valley is no exception.",x,
Impact Zone,4 East,1 The Moment,,"The scenario: Oregon's long-awaited magnitude 9 earthquake has finally struck, unleashing a sustained shaking from British Columbia to the tip of California. Oregon was unprepared -- and your community feels the strain as thousands of Oregonians look east of the Cascades for help.",x,
Landslide Deformation,1 none,1 The Moment,,no data,Purposefully not entered,
Landslide Deformation,2 low,1 The Moment,,"The quake triggered some landslides, but these cause minimal damage and leave the ground only slightly altered.",x,
Landslide Deformation,3 med,1 The Moment,,"The quake triggered landslides, damaging some buildings and roads and leaving the ground somewhat altered, but it could be much worse.",x,
Landslide Deformation,4 high,1 The Moment,,"The quake triggered significant landslides, damaging nearby houses and leaving the ground permanently deformed. Evacuation routes could be compromised. Rebuilding here will be difficult.",x,
Landslide Deformation,5 very high,1 The Moment,,"The quake triggered major landslides. Houses don't survive these slides, and the ground is left permanently deformed. Evacuation routes could be compromised. Rebuilding here is unlikely.",x,
Liquification Deformation,1 none,1 The Moment,,no data,Purposefully not entered,
Liquification Deformation,2 low,1 The Moment,,"The quake caused some soils here to turn liquid, like wet sand, but overall damage from this is limited.",x,
Liquification Deformation,3 med,1 The Moment,,"The quake caused some soils here to turn liquid, like wet sand. Some roads and underground pipes could be damaged. That's caused some additional damage and deformed the ground, but it could be much worse.",x,
Liquification Deformation,4 high,1 The Moment,,"The quake caused soils here to turn liquid, like wet sand. Underground pipes are damaged and evacuation routes could be compromised. Nearby houses are damaged, and the ground is permanently deformed. Rebuilding here will be difficult.",x,
Liquification Deformation,5 very high,1 The Moment,,"The quake caused soils here to turn liquid, like wet sand. Underground pipes are damaged and evacuation routes could be compromised. Houses on these soils don't survive, and permanent ground deformation is massive. Rebuilding is unlikely.",x,
Shaking Intensity,1 Light,1 The Moment,,"The shaking here is light. You feel it indoors. It wakes up some who were sleeping. Books fall off shelves. Doors and windows are shaking, but only some break.",x,
Shaking Intensity,2 Moderate,1 The Moment,,The shaking here is moderate. You feel it. It wakes up anyone who's sleeping. Books and knick-knacks are falling off shelves. Windows and dishes are breaking.,x,
Shaking Intensity,3 Strong,1 The Moment,,Shaking here is strong. It causes panic. Heavy furniture is moving. Plaster is falling from the walls and ceilings. Many old brick buildings that haven't been reinforced are failing. Most buildings constructed before the '90s are damaged but usable. Buildings constructed before the '70s are likely more damaged. Many bridges are damaged and impassable.,x,
Shaking Intensity,4 Very Strong,1 The Moment,,"The shaking here is very strong. Are you in a new, seismically designed building? If so, damage is negligible. Old brick buildings that haven't been reinforced are failing. Most buildings constructed before the '90s are damaged but usable. Buildings constructed before the '70s are likely more damaged. Many bridges are damaged and impassable.",x,
Shaking Intensity,5 Severe,1 The Moment,,The shaking here is severe. It causes panic. Heavy furniture is overturned. Poorly built structures are crumbling. Most buildings constructed before the '90s are damaged but usable. Buildings constructed before the '70s are likely more damaged. Chimneys and brick walls are falling. Most bridges are damaged and impassable.,x,
Shaking Intensity,6 Violent,1 The Moment,,"The shaking here is violent. It causes panic. Buildings are thrown off their foundations, others collapse. Most bridges are damaged and impassable. Even well-designed structures are considerably damaged.",x,
Tsunami Zone,True/False,1 The Moment,,"A devastating tsunami is headed toward the coast. Duck, cover, and hold until shaking stops. Then, get as far inland as fast as you can. Get to the highest ground possible. Every foot inland or upwards makes a difference.",x,
Impact Zone,1 Tsunami,2 Community Recovery,Overview,"No estimates have been established for restoring water, heat, electricity, and roads into the tsunami zone, but damage will be extensive. Experts estimate restoring the region to normalcy will take at least a decade.",x,
Impact Zone,1 Tsunami,2 Community Recovery,Drinking water and sewer,no data,,
Impact Zone,1 Tsunami,2 Community Recovery,Electric,no data,,
Impact Zone,1 Tsunami,2 Community Recovery,Police and fire stations,no data,,
Impact Zone,1 Tsunami,2 Community Recovery,Healthcare facilities,no data,,
Impact Zone,1 Tsunami,2 Community Recovery,Water avaiable at distribution centers,no data,,
Impact Zone,1 Tsunami,2 Community Recovery,Top-priority highways (partial restoration),no data,,
Impact Zone,1 Tsunami,2 Community Recovery,Natural Gas,no data,,
Impact Zone,2 Coast,2 Community Recovery,Overview,"Experts project it could take more than a year to restore your community to its normal function based on damage to pipes, infrastructure, and the transportation corridors needed for recovery efforts.",x,
Impact Zone,2 Coast,2 Community Recovery,Drinking water and sewer,1 to 3 years,,
Impact Zone,2 Coast,2 Community Recovery,Electric,3 to 6 months,,
Impact Zone,2 Coast,2 Community Recovery,Police and fire stations,no data,,
Impact Zone,2 Coast,2 Community Recovery,Healthcare facilities,18 months,,
Impact Zone,2 Coast,2 Community Recovery,Water avaiable at distribution centers,1–3 months,,
Impact Zone,2 Coast,2 Community Recovery,Top-priority highways (partial restoration),no data,,
Impact Zone,2 Coast,2 Community Recovery,Natural Gas,3 weeks to 1 month,,
Impact Zone,3 Valley,2 Community Recovery,Overview,"Experts project it could take several months to restore your community to its normal function based on damage to pipes, infrastructure, and the transportation corridors needed for recovery efforts.",x,
Impact Zone,3 Valley,2 Community Recovery,Drinking water and sewer,1 month to 1 year,,
Impact Zone,3 Valley,2 Community Recovery,Electric,1 to 3 months,,
Impact Zone,3 Valley,2 Community Recovery,Police and fire stations,2 to 4 months,,
Impact Zone,3 Valley,2 Community Recovery,Healthcare facilities,3 years,,
Impact Zone,3 Valley,2 Community Recovery,Water avaiable at distribution centers,1–2 weeks,,
Impact Zone,3 Valley,2 Community Recovery,Top-priority highways (partial restoration),6 to 12 months,,
Impact Zone,3 Valley,2 Community Recovery,Natural Gas,3 weeks to 1 month,,
Impact Zone,4 East,2 Community Recovery,Overview,"Experts project it could take several weeks to restore your community to its normal function based on damage to pipes, infrastructure, and the transportation corridors needed for recovery efforts.",x,
Impact Zone,4 East,2 Community Recovery,Drinking water and sewer,no data,,
Impact Zone,4 East,2 Community Recovery,Electric,no data,,
Impact Zone,4 East,2 Community Recovery,Police and fire stations,no data,,
Impact Zone,4 East,2 Community Recovery,Healthcare facilities,no data,,
Impact Zone,4 East,2 Community Recovery,Water avaiable at distribution centers,no data,,
Impact Zone,4 East,2 Community Recovery,Top-priority highways (partial restoration),no data,,
Impact Zone,4 East,2 Community Recovery,Natural Gas,3 weeks to 1 month,,
Impact Zone,1 Tsunami,3 How to Prepare,,"Given the hazards, preparedness level in your community, and damage to primary transportation routes, experts suggest preparing an emergency kit with enough supplies to last a minimum of four weeks. They also recommend connecting with community groups to boost your region's overall resiliency.",x,
Impact Zone,2 Coast,3 How to Prepare,,"Given the hazards, preparedness level in your community, and damage to primary transportation routes, experts suggest preparing an emergency kit with enough supplies to last a minimum of four weeks. They also recommend connecting with community groups to boost your region's overall resiliency.",x,
Impact Zone,3 Valley,3 How to Prepare,,"Given the hazards and preparedness level in your community, experts suggest preparing an emergency kit with enough supplies to last a minimum of two weeks. They also recommend connecting with community groups to boost your region's overall resiliency.",x,
Impact Zone,4 East,3 How to Prepare,,"Though many services will be returned to your community shortly after the earthquake, liquid fuel will likely be unavailble for weeks. Experts suggest having an emerency kit with enough supplies to last up to two weeks to help you through this time. They also suggest connecting with community groups to boost your region's overall resiliency.",x,
Landslide Deformation,1 none,3 How to Prepare,,No data,Purposefully not entered,
Landslide Deformation,2 low,3 How to Prepare,,No data,Purposefully not entered,
Landslide Deformation,3 med,3 How to Prepare,,"Because earthquake-triggered landslides could cause some damage here, you should consider consulting with an engineer or geologist. There's a slight chance you'll be unable to remain in your home. Create a ""go bag"" with essential items. Tell a neighbor and others where you are going. Set up an alternative mailing address with the post office as soon as possible.",x,
Landslide Deformation,4 high,3 How to Prepare,,"Because earthquake-triggered landslides could cause a high amount of damage here, you should consider consulting with an engineer or geologist. You can mitigate landslide damage in a number of ways, including limiting irrigation, making sure water and sewer lines don't leak, and planting deep rooted vegetation on slopes. There's a chance you'll be unable to remain in your home. Create a ""go bag"" with essential items. Tell a neighbor and others where you are going. Set up an alternative mailing address with the post office as soon as possible.",x,
Landslide Deformation,5 very high,3 How to Prepare,,"Because earthquake-triggered landslides could cause a very high amount of damage here, you should consider consulting with an engineer or geologist. You can mitigate landslide damage in a number of ways, limiting irrigation, making sure water and sewer lines don't leak, and planting deep rooted vegetation on slopes. There's a high likelihood you'll unable to remain in your home. Create a ""go bag"" with essential items. Tell a neighbor and others where you are going. Set up an alternative mailing address with the post office as soon as possible.",x,
Liquification Deformation,1 none,3 How to Prepare,,No data,Purposefully not entered,
Liquification Deformation,2 low,3 How to Prepare,,No data,Purposefully not entered,
Liquification Deformation,3 med,3 How to Prepare,,"Because unstable soils could cause some additional damage here during an earthquake, you should consider consulting with an engineer or geologist. There's a slight chance you'll be unlikely to remain in your home. Create a ""go bag"" with essential items. Tell a neighbor and others where you are going. Set up an alternative mailing address with the post office as soon as possible.",x,
Liquification Deformation,4 high,3 How to Prepare,,"Because unstable soils could cause a high amount of additional damage here during an earthquake, you should consider consulting with an engineer or geologist. There's a chance you'll be unable to remain in your home. Create a ""go bag"" with essential items. Tell a neighbor and others where you are going. Set up an alternative mailing address with the post office as soon as possible.",x,
Liquification Deformation,5 very high,3 How to Prepare,,"Because unstable soils could cause a very high amount of additional damage here during an earthquake, you should consider consulting with an engineer or geologist. There's a chance you'll be unable to remain in your home. Create a ""go bag"" with essential items. Tell a neighbor and others where you are going. Set up an alternative mailing address with the post office as soon as possible.",x,
Shaking Intensity,1 Light,3 How to Prepare,,"Based on the estimated shaking intensity in your area, you should at a minimum secure bookshelves and other furniture. Know the location of utility shut-offs and keep needed tools nearby. For additional steps, experts also recommend bolting your house to the foundation and strapping down your water heater.",x,
Shaking Intensity,2 Moderate,3 How to Prepare,,"Based on the estimated shaking intensity in your area, you should at a minimum secure bookshelves and other furniture. Know the location of utility shut-offs and keep needed tools nearby. For additional steps, experts also recommend bolting your house to the foundation and strapping down your water heater.",x,
Shaking Intensity,3 Strong,3 How to Prepare,,"Based on the estimated shaking intensity in your area, experts recommend you bolt your house to the foundation and secure heavy furniture. Strap down your water heater. Know the location of utility shut-offs and keep needed tools nearby.",x,
Shaking Intensity,4 Very Strong,3 How to Prepare,,"Based on the estimated shaking intensity in your area, experts recommend you bolt your house to the foundation and secure heavy furniture. Strap down your water heater. Know the location of utility shut-offs and keep needed tools nearby.",x,
Shaking Intensity,5 Severe,3 How to Prepare,,"Based on the estimated shaking intensity in your area, experts recommend you bolt your house to the foundation and secure heavy furniture. Strap down your water heater. Know the location of utility shut-offs and keep needed tools nearby.",x,
Shaking Intensity,6 Violent,3 How to Prepare,,"Based on the estimated shaking intensity in your area, experts recommend you bolt your house to the foundation and secure heavy furniture. Strap down your water heater. Know the location of utility shut-offs and keep needed tools nearby.",x,
Tsunami Zone,True/False,3 How to Prepare,,"Know your evacuation route and how long it takes you to get to safety. Create a ""go bag"" with essential items for evacuating the tsunami zone. You'll likely be unable to return home. Preferably, emergecy resources would be stored outside of the tsunami inundation zone.",x,
,,3 How to Prepare,Know Your Leaders,"Contacting local officials with questions and concerns can further preparedness efforts in your community. These include finding building officials who can assess potentially vulnerable buildings, leaders of local emergency planning committees and your elected officials.",,x
,,3 How to Prepare,Community,The most crucial thing you can do the increase the resiliency of your community is connect with your neighbors to plan as a group. There are already organizations in place to help. Find out if there is already a team in place in your neighborhood or learn how to start your own at ready.gov.,,x
,,3 How to Prepare,Know Your Evacuation Route,"Make sure your family and friends know where to gather after the earthquake and how to get there. You'll need a reconnection plan. Do you cross a bridge on your way to school or work? It could be unsafe to cross after an earthquake. Do you need an evacuation route? If you're in the tsunami zone, you do. [FInd your route.](http://www.oregon.gov/DOGAMI/pages/earthquakes/Coastal/Tsubrochures.aspx). Know that some major roads won't be safe or passable during and after an earthquake. [Ask the Oregon Department of Transportation](http://www.oregon.gov/ODOT/HWY/OOM/Pages/contact_us.aspx) to find out which routes in your area to expect will be down.",,x